{
  "footerData": [
    {
      "cardName": "水文",
      "data": [
        {
          "name": "水库湖泊检测"
        },
        {
          "name": "废水处理厂水质检测"
        },
        {
          "name": "土壤情况检测"
        },
        {
          "name": "地下水监测"
        }
      ]
    },
    {
      "cardName": "消防",
      "data": [
        {
          "name": "烟雾检测"
        },
        {
          "name": "明火检测"
        },
        {
          "name": "温度检测"
        },
        {
          "name": "烟温复合检测"
        },
        {
          "name": "可燃气体火灾检测"
        },
        {
          "name": "电气火灾检测"
        },
        {
          "name": "电气线路检测"
        }
      ]
    },
    {
      "cardName": "路政",
      "data": [
        {
          "name": "地下管网检测"
        },
        {
          "name": "交通枢纽站点检测"
        },
        {
          "name": "灯杆检测"
        },
        {
          "name": "路灯检测"
        },
        {
          "name": "道路洼地检测"
        }
      ]
    },
    {
      "cardName": "社区",
      "data": [
        {
          "name": "高空抛物检测"
        },
        {
          "name": "垃圾箱检测"
        },
        {
          "name": "道路堆物检测"
        },
        {
          "name": "车库检测"
        },
        {
          "name": "梯控检测"
        },
        {
          "name": "门禁识别"
        },
        {
          "name": "配电室检测"
        }
      ]
    },
    {
      "cardName": "环保",
      "data": [
        {
          "name": "地表水检测"
        },
        {
          "name": "土壤壤情检测"
        },
        {
          "name": "工业废水检测"
        },
        {
          "name": "空气质量检测"
        }
      ]
    },
    {
      "cardName": "园区",
      "data": [
        {
          "name": "地下管网检测"
        },
        {
          "name": "交通枢纽站检测"
        },
        {
          "name": "灯杆检测"
        },
        {
          "name": "路灯检测"
        }
      ]
    },
    {
      "cardName": "工业",
      "data": [
        {
          "name": "井下作业气体检测"
        },
        {
          "name": "化工工业可燃有毒气体检测"
        },
        {
          "name": "机房监控"
        }
      ]
    }
  ]
}