<?xml version="1.0" encoding="UTF-8"?>
<!--属性映射对象-->
<ci>
    <!--属性映射对象-->
    <id>AttrMapping</id>
    <!--对象名称-->
    <name>属性映射</name>
    <!--国际化词条-->
    <i18n_key>ies.gwm.AttrMapping.metaCI</i18n_key>
    <!--描述-->
    <description>${ioc.gwm.AttrMapping.desc}</description>
    <!--对象类型【R(资源表),B(业务表)】-->
    <type>B</type>
    <cache>true</cache>
    <!--指令集合-->
    <actions>
        <action>
            <!--指令ID-->
            <id>Query</id>
            <!--指令名称-->
            <name>查询</name>
            <!--指令类型【System、Device】-->
            <type>System</type>
            <!--指令域【Static、Instance】-->
            <domain>Static</domain>
            <!--指令级别【Major、Normal】-->
            <severity>Normal</severity>
        </action>
        <action>
            <!--指令ID-->
            <id>DownlinkDiscover</id>
            <!--指令名称-->
            <name>自动发现</name>
            <!--指令类型【System、Device】-->
            <type>System</type>
            <!--指令域【Static、Instance】-->
            <domain>Static</domain>
            <!--指令级别【Major、Normal】-->
            <severity>Normal</severity>
        </action>
    </actions>
    <attrs>
        <attr>
            <id>ds_code</id>
            <name>数据源标识</name>
            <i18n_key>ies.gwm.AttrMapping.attr.ds_code</i18n_key>
            <type>long</type>
            <is_primary>true</is_primary>
            <support_action>
                <![CDATA[
	    Query
      ]]>
            </support_action>
        </attr>
        <attr>
            <id>ds_type</id>
            <name>数据源类型</name>
            <i18n_key>ies.gwm.AttrMapping.attr.ds_type</i18n_key>
            <type>string</type>
            <is_primary>true</is_primary>
            <support_action>
                <![CDATA[
	    Query
      ]]>
            </support_action>
        </attr>
        <attr>
            <id>attr_id</id>
            <name>消息属性</name>
            <i18n_key>ies.gwm.AttrMapping.attr.attr_id</i18n_key>
            <is_primary>true</is_primary>
            <type>string</type>
            <support_action>
                <![CDATA[
	    Query
      ]]>
            </support_action>
        </attr>
        <attr>
            <id>meta_attr_id</id>
            <name>标准属性</name>
            <i18n_key>ies.gwm.AttrMapping.attr.meta_attr_id</i18n_key>
            <type>string</type>
            <support_action>
                <![CDATA[
	    Query
      ]]>
            </support_action>
        </attr>
        <attr>
            <id>update_ts</id>
            <name>创建时间</name>
            <i18n_key>ies.gwm.AttrMapping.attr.update_ts</i18n_key>
            <type>int</type>
            <support_action>
                <![CDATA[
	    Query
      ]]>
            </support_action>
        </attr>

    </attrs>
</ci>