<?xml version="1.0" encoding="UTF-8"?>
<!--编排模板对象-->
<ci>
    <!--编排模板对象-->
    <id>Template_Orc</id>
    <!--对象名称-->
    <name>编排模板</name>
    <!--国际化词条-->
    <i18n_key>ies.gwm.TemplateOrc.metaCI</i18n_key>
    <!--描述-->
    <description>${ioc.gwm.Template_Orc.desc}</description>
    <!--对象类型【R(资源表),B(业务表)】-->
    <type>B</type>
    <cache>true</cache>
    <!--指令集合-->
    <actions>
        <action>
            <!--指令ID-->
            <id>Query</id>
            <!--指令名称-->
            <name>查询</name>
            <!--指令类型【System、Device】-->
            <type>System</type>
            <!--指令域【Static、Instance】-->
            <domain>Static</domain>
            <!--指令级别【Major、Normal】-->
            <severity>Normal</severity>
        </action>
    </actions>
    <attrs>
        <attr>
            <id>templateid</id>
            <name>模板ID</name>
            <i18n_key>ies.gwm.MetaTemplateOrv.attr.templateid</i18n_key>
            <type>string</type>
            <is_primary>true</is_primary>
            <support_action>
                <![CDATA[
	    Query
      ]]>
            </support_action>
        </attr>
        <attr>
            <id>template_name</id>
            <name>模板名称</name>
            <i18n_key>ies.gwm.MetaTemplateOrv.attr.template_name</i18n_key>
            <type>string</type>
            <support_action>
                <![CDATA[
	    Query
      ]]>
            </support_action>
        </attr>
        <attr>
            <id>policy</id>
            <name>模板执行策略</name>
            <i18n_key>ies.gwm.MetaTemplateOrv.attr.policy</i18n_key>
            <type>string</type>
            <support_action>
                <![CDATA[
	    Query
      ]]>
            </support_action>
        </attr>
        <attr>
            <id>log</id>
            <name>模板日志级别</name>
            <i18n_key>ies.gwm.MetaTemplateOrv.attr.log</i18n_key>
            <type>string</type>
            <support_action>
                <![CDATA[
	    Query
      ]]>
            </support_action>
        </attr>
        <attr>
            <id>msg_type</id>
            <name>消息类型</name>
            <i18n_key>ies.gwm.MetaTemplateOrv.attr.msg_type</i18n_key>
            <type>string</type>
            <support_action>
                <![CDATA[
	    Query
      ]]>
            </support_action>
        </attr>
        <attr>
            <id>action</id>
            <name>绑定的对象能力</name>
            <i18n_key>ies.gwm.MetaTemplateOrv.attr.action</i18n_key>
            <type>string</type>
            <support_action>
                <![CDATA[
	    Query
      ]]>
            </support_action>
        </attr>
        <attr>
            <id>rule</id>
            <name>编排规则</name>
            <i18n_key>ies.gwm.MetaTemplateOrv.attr.rule</i18n_key>
            <type>text</type>
            <support_action>
                <![CDATA[
	    Query
      ]]>
            </support_action>
        </attr>
        <attr>
            <id>request_id</id>
            <name>request映射报文ID</name>
            <i18n_key>ies.gwm.MetaTemplateOrv.attr.request_id</i18n_key>
            <type>string</type>
            <support_action>
                <![CDATA[
	    Query
      ]]>
            </support_action>
        </attr>
        <attr>
            <id>response_id</id>
            <name>response映射报文ID</name>
            <i18n_key>ies.gwm.MetaTemplateOrv.attr.response_id</i18n_key>
            <type>string</type>
            <support_action>
                <![CDATA[
	    Query
      ]]>
            </support_action>
        </attr>
        <attr>
            <id>update_ts</id>
            <name>更新时间</name>
            <i18n_key>ies.gwm.MetaTemplateOrv.attr.update_ts</i18n_key>
            <type>int</type>
            <support_action>
                <![CDATA[
	    Query
      ]]>
            </support_action>
        </attr>
    </attrs>
</ci>