<?xml version="1.0" encoding="UTF-8"?>
<!--数据源-系统类型-->
<ci>
    <!--数据源-系统类型-->
    <id>SystemDs</id>
    <!--对象名称-->
    <name>系统类型</name>
    <!--国际化词条-->
    <i18n_key>ies.gwm.SystemDs.metaCI</i18n_key>
    <!--描述-->
    <description>${ioc.gwm.SystemDs.desc}</description>
    <!--对象类型【R(资源表),B(业务表)】-->
    <type>B</type>
    <cache>true</cache>
    <!--指令集合-->
    <actions>
        <action>
            <!--指令ID-->
            <id>Query</id>
            <!--指令名称-->
            <name>查询</name>
            <!--指令类型【System、Device】-->
            <type>System</type>
            <!--指令域【Static、Instance】-->
            <domain>Static</domain>
            <!--指令级别【Major、Normal】-->
            <severity>Normal</severity>
        </action>
    </actions>
    <attrs>
        <attr>
            <id>code</id>
            <name>编码</name>
            <i18n_key>ies.gwm.SystemDS.attr.code</i18n_key>
            <type>long</type>
            <is_primary>true</is_primary>
            <support_action>
                <![CDATA[
	    Query
      ]]>
            </support_action>
        </attr>
        <attr>
            <id>type</id>
            <name>系统类型</name>
            <i18n_key>ies.gwm.SystemDS.attr.type</i18n_key>
            <type>string</type>
            <support_action>
                <![CDATA[
	    Query
      ]]>
            </support_action>
        </attr>
        <attr>
            <id>tenant</id>
            <name>租户</name>
            <i18n_key>ies.gwm.SystemDS.attr.tenant</i18n_key>
            <type>string</type>
            <support_action>
                <![CDATA[
	    Query
      ]]>
            </support_action>
        </attr>
        <attr>
            <id>version</id>
            <name>系统版本</name>
            <i18n_key>ies.gwm.SystemDS.attr.version</i18n_key>
            <type>string</type>
            <support_action>
                <![CDATA[
	    Query
      ]]>
            </support_action>
        </attr>
        <attr>
            <id>protocol</id>
            <name>对接协议</name>
            <i18n_key>ies.gwm.SystemDS.attr.protocol</i18n_key>
            <type>string</type>
            <support_action>
                <![CDATA[
	    Query
      ]]>
            </support_action>
        </attr>
        <attr>
            <id>update_ts</id>
            <name>更新时间</name>
            <i18n_key>ies.gwm.SystemDS.attr.update_ts</i18n_key>
            <type>int</type>
            <support_action>
                <![CDATA[
	    Query
      ]]>
            </support_action>
        </attr>
        <attr>
            <id>health_interval</id>
            <name>连通性检测周期</name>
            <i18n_key>ies.gwm.SystemDS.attr.health_interval</i18n_key>
            <type>int</type>
            <support_action>
                <![CDATA[
	    Query
      ]]>
            </support_action>
        </attr>
        <attr>
            <id>health_templateid</id>
            <name>检测模板</name>
            <i18n_key>ies.gwm.SystemDS.attr.health_templateid</i18n_key>
            <type>string</type>
            <support_action>
                <![CDATA[
	    Query
      ]]>
            </support_action>
        </attr>
    </attrs>
</ci>