<?xml version="1.0" encoding="UTF-8"?>
<!--Header模板对象-->
<ci>
    <!--Header模板对象-->
    <id>Meta_Header</id>
    <!--对象名称-->
    <name>Header模板</name>
    <!--国际化词条-->
    <i18n_key>ies.gwm.MetaHeader.metaCI</i18n_key>
    <!--描述-->
    <description>${ioc.gwm.Meta_Header.desc}</description>
    <!--对象类型【R(资源表),B(业务表)】-->
    <type>B</type>
    <cache>true</cache>
    <!--指令集合-->
    <actions>
        <action>
            <!--指令ID-->
            <id>Query</id>
            <!--指令名称-->
            <name>查询</name>
            <!--指令类型【System、Device】-->
            <type>System</type>
            <!--指令域【Static、Instance】-->
            <domain>Static</domain>
            <!--指令级别【Major、Normal】-->
            <severity>Normal</severity>
        </action>
    </actions>
    <attrs>
        <attr>
            <id>id</id>
            <name>Header模板ID</name>
            <i18n_key>ies.gwm.MetaHeader.attr.id</i18n_key>
            <type>string</type>
            <is_primary>true</is_primary>
            <support_action>
                <![CDATA[
	    Query
      ]]>
            </support_action>
        </attr>
        <attr>
            <id>templateid</id>
            <name>模板ID</name>
            <i18n_key>ies.gwm.MetaHeader.attr.templateid</i18n_key>
            <type>string</type>
            <support_action>
                <![CDATA[
	    Query
      ]]>
            </support_action>
        </attr>
        <attr>
            <id>header_type</id>
            <name>映射报文类型</name>
            <i18n_key>ies.gwm.MetaHeader.attr.header_type</i18n_key>
            <type>string</type>
            <support_action>
                <![CDATA[
	    Query
      ]]>
            </support_action>
        </attr>
        <attr>
            <id>header</id>
            <name>映射报文</name>
            <i18n_key>ies.gwm.MetaHeader.attr.header</i18n_key>
            <type>text</type>
            <support_action>
                <![CDATA[
	    Query
      ]]>
            </support_action>
        </attr>
        <attr>
            <id>update_ts</id>
            <name>更新时间</name>
            <i18n_key>ies.gwm.MetaHeader.attr.update_ts</i18n_key>
            <type>int</type>
            <support_action>
                <![CDATA[
	    Query
      ]]>
            </support_action>
        </attr>
    </attrs>
</ci>