<?xml version="1.0" encoding="UTF-8"?>
<ci ns="Default">
    <!--临近小区-->
    <id>NeighborPCI</id>
    <!--对象名称-->
    <name>临近小区</name>
    <!--描述-->
    <description>${META.DM.NeighborPCI.DESC}</description>
    <!--对象类型【R(资源表),B(业务表)】-->
    <type>B</type>
    <!--指令集合-->
    <actions>
        <action>
            <!--指令ID-->
            <id>Query</id>
            <!--指令名称-->
            <name>查询</name>
            <!--指令类型【System、Device】-->
            <type>System</type>
            <!--指令域【Static、Instance】-->
            <domain>Static</domain>
            <!--指令级别【Major、Normal】-->
            <severity>Normal</severity>
        </action>
        <action>
            <!--指令ID-->
            <id>Register</id>
            <!--指令名称-->
            <name>注册</name>
            <!--指令类型【System、Device】-->
            <type>System</type>
            <!--指令域【Static、Instance】-->
            <domain>Static</domain>
            <!--指令级别【Major、Normal】-->
            <severity>Normal</severity>
        </action>
    </actions>
    <attrs>
        <attr>
            <id>instanceid</id>
            <name>资源ID</name>
            <type>long</type>
            <is_primary>true</is_primary>
            <support_action>
                <![CDATA[
	    Register,Query
      ]]>
            </support_action>
        </attr>
        <attr>
            <id>pci</id>
            <name>物理小区</name>
            <type>int</type>
            <support_action>
                <![CDATA[
	    Register,Query
      ]]>
            </support_action>
        </attr>
        <attr>
            <id>arfcn</id>
            <name>临近小区频点</name>
            <type>long</type>
            <support_action>
                <![CDATA[
	    Register,Query
      ]]>
            </support_action>
        </attr>

        <attr>
            <id>site</id>
            <name>基站ID</name>
            <type>long</type>
            <support_action>
                <![CDATA[
	    Register,Query
      ]]>
            </support_action>
        </attr>
        <attr>
            <id>rsrp</id>
            <name>RSRP</name>
            <type>float</type>
            <support_action>
                <![CDATA[
	    Register,Query
      ]]>
            </support_action>
        </attr>
        <attr>
            <id>rsrq</id>
            <name>RSRQ</name>
            <type>float</type>
            <support_action>
                <![CDATA[
	    Register,Query
      ]]>
            </support_action>
        </attr>
        <attr>
            <id>update_ts</id>
            <name>更新时间</name>
            <type>int</type>
            <support_action>
                <![CDATA[
	    Register,Query
      ]]>
            </support_action>
        </attr>

    </attrs>
</ci>