<?xml version="1.0" encoding="UTF-8" ?>
<!DOCTYPE mapper PUBLIC "-//mybatis.org//DTD Mapper 3.0//EN" "http://mybatis.org/dtd/mybatis-3-mapper.dtd" >
<mapper namespace="com.neoway.iot.bi.dao.offlinestat.IOfflineStrategyDao" >

  <insert id="insert">
    insert into UBI_B_OFFLINESTRATEGY
    <trim prefix="(" prefixOverrides="," suffix=")" suffixOverrides=",">
      <if test="offlineStrategy.ns != null">ns, </if>
      <if test="offlineStrategy.type != null">type, </if>
      <if test="offlineStrategy.metric != null">metric, </if>
      <if test="offlineStrategy.algorithm != null">algorithm, </if>
      <if test="offlineStrategy.policy != null">policy, </if>
      lt
    </trim>
    <trim prefix="values(" prefixOverrides="," suffix=")" suffixOverrides=",">
      <if test="offlineStrategy.ns != null">#{offlineStrategy.ns}, </if>
      <if test="offlineStrategy.type != null">#{offlineStrategy.type}, </if>
      <if test="offlineStrategy.metric != null">#{offlineStrategy.metric}, </if>
      <if test="offlineStrategy.algorithm != null">#{offlineStrategy.algorithm}, </if>
      <if test="offlineStrategy.policy != null">#{offlineStrategy.policy}, </if>
      #{offlineStrategy.lt}
    </trim>
  </insert>

  <update id="updateBySelective">
    update UBI_B_OFFLINESTRATEGY set
    <trim prefix="" prefixOverrides="," suffix="" suffixOverrides=",">
      <if test="offlineStrategy.ns != null">ns = #{offlineStrategy.ns}, </if>
      <if test="offlineStrategy.type != null">type = #{offlineStrategy.type}, </if>
      <if test="offlineStrategy.algorithm != null">algorithm = #{offlineStrategy.algorithm}, </if>
      <if test="offlineStrategy.policy != null">policy = #{offlineStrategy.policy}, </if>
      lt = #{offlineStrategy.lt}
    </trim>
    where metric = #{offlineStrategy.metric}
  </update>

  <delete id="delete">
    delete from UBI_B_OFFLINESTRATEGY
    where metric = #{metric}
  </delete>

  <select id="selectOne" resultType="com.neoway.iot.bi.common.dto.OfflineStrategyDTO">
    select ns, type, metric, algorithm, policy, lt
    from UBI_B_OFFLINESTRATEGY
    where 1=1
    <if test="metric != null">
      and metric = #{metric}
    </if>
  </select>
  <select id="selectList" resultType="com.neoway.iot.bi.common.dto.OfflineStrategyDTO">
    select ns, type, metric, algorithm, policy, lt
    from UBI_B_OFFLINESTRATEGY
    where 1=1
    <if test="metric != null">
      and metric = #{metric}
    </if>
    <if test="policy != null">
      and policy = #{policy}
    </if>
  </select>
</mapper>