<?xml version="1.0" encoding="UTF-8" ?>
<!DOCTYPE mapper PUBLIC "-//mybatis.org//DTD Mapper 3.0//EN" "http://mybatis.org/dtd/mybatis-3-mapper.dtd" >
<mapper namespace="com.neoway.iot.bi.dao.offlinestat.IOfflineTaskDao" >

  <insert id="insert">
    insert into UBI_B_OFFLINETASK
    <trim prefix="(" prefixOverrides="," suffix=")" suffixOverrides=",">
      <if test="offlineTask.id != null">id, </if>
      <if test="offlineTask.ns != null">ns, </if>
      <if test="offlineTask.type != null">type, </if>
      <if test="offlineTask.metric != null">metric, </if>
      <if test="offlineTask.algorithm != null">algorithm, </if>
      <if test="offlineTask.status != null">status, </if>
      <if test="offlineTask.nodeid != null">nodeid, </if>
      <if test="offlineTask.st != null">st, </if>
      lt
    </trim>
    <trim prefix="values(" prefixOverrides="," suffix=")" suffixOverrides=",">
      <if test="offlineTask.id != null">#{offlineTask.id}, </if>
      <if test="offlineTask.ns != null">#{offlineTask.ns}, </if>
      <if test="offlineTask.type != null">#{offlineTask.type}, </if>
      <if test="offlineTask.metric != null">#{offlineTask.metric}, </if>
      <if test="offlineTask.algorithm != null">#{offlineTask.algorithm}, </if>
      <if test="offlineTask.status != null">#{offlineTask.status}, </if>
      <if test="offlineTask.nodeid != null">#{offlineTask.nodeid}, </if>
      <if test="offlineTask.st != null">#{offlineTask.st}, </if>
      #{offlineTask.lt}
    </trim>
  </insert>

  <update id="updateBySelective">
    update UBI_B_OFFLINETASK set
    <trim prefix="" prefixOverrides="," suffix="" suffixOverrides=",">
      <if test="offlineTask.ns != null">ns = #{offlineTask.ns}, </if>
      <if test="offlineTask.type != null">type = #{offlineTask.type}, </if>
      <if test="offlineTask.metric != null">metric = #{offlineTask.metric}, </if>
      <if test="offlineTask.algorithm != null">algorithm = #{offlineTask.algorithm}, </if>
      <if test="offlineTask.status != null">status = #{offlineTask.status}, </if>
      <if test="offlineTask.nodeid != null">nodeid = #{offlineTask.nodeid}, </if>
      <if test="offlineTask.st != null">st = #{offlineTask.st}, </if>
      lt = #{offlineTask.lt}
    </trim>
    where id = #{offlineTask.id}
  </update>

  <delete id="delete">
    delete from UBI_B_OFFLINETASK
    where id = #{id}
  </delete>
    <delete id="del30DayBeforeDay">
      delete from UBI_B_OFFLINETASK
      where lt <![CDATA[<=]]> #{st}
    </delete>

    <select id="selectOne" resultType="com.neoway.iot.bi.domain.offlinestat.OfflineTask">
    select id, ns, type, metric, algorithm, status, nodeid, lt, st
    from UBI_B_OFFLINETASK
    where 1=1
    <if test="metric != null">
      and metric = #{metric}
    </if>
  </select>
  <select id="selectList" resultType="com.neoway.iot.bi.domain.offlinestat.OfflineTask">
    select id, ns, type, metric, algorithm, status, nodeid, lt, st
    from UBI_B_OFFLINETASK
    where 1=1
    <if test="metric != null">
      and metric = #{metric}
    </if>
    <if test="status != null">
      and status = #{status}
    </if>
    <if test="nodeid != null">
      and nodeid = #{nodeid}
    </if>
  </select>
  <select id="selectLastOne" resultType="com.neoway.iot.bi.domain.offlinestat.OfflineTask">
    select id, ns, type, metric, algorithm, status, nodeid, lt, st
    from UBI_B_OFFLINETASK
    where 1=1
    <if test="id != null">
      and id = #{id}
    </if>
    <if test="metric != null">
      and metric = #{metric}
    </if>
    order by lt desc limit 1
  </select>
  <select id="selectTimeUpTaskList" resultType="com.neoway.iot.bi.common.dto.OfflineTaskExecuteDTO">
    select task.id, task.ns, task.type, task.metric, task.algorithm, task.status, task.nodeid, task.lt, task.st, stra.policy
    from UBI_B_OFFLINETASK task
    left join UBI_B_OFFLINESTRATEGY stra on stra.metric = task.metric
    where 1=1 and st <![CDATA[<=]]> #{st} and status = #{status}
  </select>
</mapper>