<?xml version="1.0" encoding="UTF-8"?>
<ds>
    <!--产品领域  雨量遥测站-->
    <domain>IoT_SL_Device_RainMeterRemoteStation</domain>
    <!--产品类别  模组-->
    <device_type>RainMeterRemoteStation</device_type>
    <!--租户-->
    <tenant>Default</tenant>
    <!--产品厂商-->
    <vendor>Centn</vendor>
    <!--产品厂商名称-->
    <vendor_name>迅腾科技</vendor_name>
    <versions>
        <v>
            <!--设备型号-->
            <version>V100</version>
            <!--接入方式-->
            <access_type>D</access_type>
            <!--接入协议-->
            <protocol>SL-651</protocol>
            <!--消息格式-->
            <payload_type>Binary</payload_type>
            <!--连通性检测周期-->
            <health_interval>5</health_interval>
            <!--检测模板-->
            <health_templateId></health_templateId>
        </v>
    </versions>
</ds>