<?xml version="1.0" encoding="UTF-8"?>
<configuration>
	<include resource="org/springframework/boot/logging/logback/base.xml" />

	<appender name="consoleAppender" class="ch.qos.logback.core.ConsoleAppender">
		<encoder class="ch.qos.logback.classic.encoder.PatternLayoutEncoder">
			<pattern>%d{yyyy-MM-dd HH:mm:ss.SSS} [%thread] %-5level %logger{50} -%msg%n</pattern>
		</encoder>
	</appender>

	<appender name="FILE"	class="ch.qos.logback.core.rolling.RollingFileAppender">
		<file>logs/nw-config-server.log</file>
		<rollingPolicy class="ch.qos.logback.core.rolling.TimeBasedRollingPolicy">
			<FileNamePattern>logs/nw-config-server.%d{yyyy-MM-dd}.log</FileNamePattern>
			<maxHistory>90</maxHistory>
		</rollingPolicy>
		<encoder class="ch.qos.logback.classic.encoder.PatternLayoutEncoder">
			<pattern>%d{yyyy-MM-dd HH:mm:ss.SSS} [%thread] %-5level %logger{50} -%msg%n</pattern>
		</encoder>
		<triggeringPolicy
			class="ch.qos.logback.core.rolling.SizeBasedTriggeringPolicy">
			<MaxFileSize>100MB</MaxFileSize>
		</triggeringPolicy>
	</appender>

	<appender name="asyncFileAppender" class="ch.qos.logback.classic.AsyncAppender">
		<discardingThreshold>0</discardingThreshold>
		<queueSize>500</queueSize>
		<appender-ref ref="FILE" />
	</appender>

	<root level="INFO">
		<appender-ref ref="asyncFileAppender" />
	</root>
</configuration>