<?xml version="1.0" encoding="UTF-8"?>
<!--电能表-->
<ci>
    <!--电能表-->
    <id>EnergyMeter</id>
    <!--对象名称-->
    <name>电能表</name>
    <!--描述-->
    <description>${ioc.urm.EnergyMeter.desc}</description>
    <type>D</type>
    <!--指令集合-->
    <actions>
        <action>
            <!--添加-->
            <id>Add</id>
            <!--指令名称-->
            <name>添加</name>
            <!--指令类型【System、Device】-->
            <type>System</type>
            <!--指令域【Static、Instance】-->
            <domain>Static</domain>
            <!--指令级别【Major、Normal】-->
            <severity>Normal</severity>
            <!--分组【MgrOper(管理操作)、UplinkDataDevice(设备数据上报)、UplinkDataNetwork(网络数据上报)、UplinkDataBusiness(业务数据上报)、UplinkEvent(事件上报)、DownlinkCommand(指令下发)、DownlinkCommandRsp(指令下发响应)】-->
            <group>MgrOper</group>
            <!--是否在页面显示-->
            <display>false</display>
        </action>
        <action>
            <!--删除-->
            <id>Delete</id>
            <!--指令名称-->
            <name>删除</name>
            <!--指令类型【System、Device】-->
            <type>System</type>
            <!--指令域【Static、Instance】-->
            <domain>Instance</domain>
            <!--指令级别【Major、Normal】-->
            <severity>Normal</severity>
            <!--分组【MgrOper(管理操作)、UplinkDataDevice(设备数据上报)、UplinkDataNetwork(网络数据上报)、UplinkDataBusiness(业务数据上报)、UplinkEvent(事件上报)、DownlinkCommand(指令下发)、DownlinkCommandRsp(指令下发响应)】-->
            <group>MgrOper</group>
            <!--是否在页面显示-->
            <display>true</display>
            <!--显示顺序-->
            <sort>3</sort>
        </action>
        <action>
            <!--查询-->
            <id>Query</id>
            <!--指令名称-->
            <name>查询</name>
            <!--指令类型【System、Device】-->
            <type>System</type>
            <!--指令域【Static、Instance】-->
            <domain>Static</domain>
            <!--指令级别【Major、Normal】-->
            <severity>Normal</severity>
            <!--分组【MgrOper(管理操作)、UplinkDataDevice(设备数据上报)、UplinkDataNetwork(网络数据上报)、UplinkDataBusiness(业务数据上报)、UplinkEvent(事件上报)、DownlinkCommand(指令下发)、DownlinkCommandRsp(指令下发响应)】-->
            <group>MgrOper</group>
            <!--是否在页面显示-->
            <display>false</display>
        </action>
        <action>
            <!--详情-->
            <id>Get</id>
            <!--指令名称-->
            <name>详情</name>
            <!--指令类型【System、Device】-->
            <type>System</type>
            <!--指令域【Static、Instance】-->
            <domain>Instance</domain>
            <!--指令级别【Major、Normal】-->
            <severity>Normal</severity>
            <!--分组【MgrOper(管理操作)、UplinkDataDevice(设备数据上报)、UplinkDataNetwork(网络数据上报)、UplinkDataBusiness(业务数据上报)、UplinkEvent(事件上报)、DownlinkCommand(指令下发)、DownlinkCommandRsp(指令下发响应)】-->
            <group>MgrOper</group>
            <!--是否在页面显示-->
            <display>true</display>
            <!--显示顺序-->
            <sort>4</sort>
        </action>
        <action>
            <!--修改-->
            <id>Update</id>
            <!--指令名称-->
            <name>修改</name>
            <!--指令类型【System、Device】-->
            <type>System</type>
            <!--指令域【Static、Instance】-->
            <domain>Instance</domain>
            <!--指令级别【Major、Normal】-->
            <severity>Normal</severity>
            <!--分组【MgrOper(管理操作)、UplinkDataDevice(设备数据上报)、UplinkDataNetwork(网络数据上报)、UplinkDataBusiness(业务数据上报)、UplinkEvent(事件上报)、DownlinkCommand(指令下发)、DownlinkCommandRsp(指令下发响应)】-->
            <group>MgrOper</group>
            <!--是否在页面显示-->
            <display>true</display>
            <!--显示顺序-->
            <sort>5</sort>
        </action>
        <action>
            <!--导入-->
            <id>Import</id>
            <!--指令名称-->
            <name>导入</name>
            <!--指令类型【System、Device】-->
            <type>System</type>
            <!--指令域【Static、Instance】-->
            <domain>Static</domain>
            <!--指令级别【Major、Normal】-->
            <severity>Normal</severity>
            <!--分组【MgrOper(管理操作)、UplinkDataDevice(设备数据上报)、UplinkDataNetwork(网络数据上报)、UplinkDataBusiness(业务数据上报)、UplinkEvent(事件上报)、DownlinkCommand(指令下发)、DownlinkCommandRsp(指令下发响应)】-->
            <group>MgrOper</group>
            <!--是否在页面显示-->
            <display>true</display>
            <!--显示顺序-->
            <sort>1</sort>
        </action>
        <action>
            <!--导出-->
            <id>Export</id>
            <!--指令名称-->
            <name>导出</name>
            <!--指令类型【System、Device】-->
            <type>System</type>
            <!--指令域【Static、Instance】-->
            <domain>Static</domain>
            <!--指令级别【Major、Normal】-->
            <severity>Normal</severity>
            <!--分组【MgrOper(管理操作)、UplinkDataDevice(设备数据上报)、UplinkDataNetwork(网络数据上报)、UplinkDataBusiness(业务数据上报)、UplinkEvent(事件上报)、DownlinkCommand(指令下发)、DownlinkCommandRsp(指令下发响应)】-->
            <group>MgrOper</group>
            <!--是否在页面显示-->
            <display>true</display>
            <!--显示顺序-->
            <sort>2</sort>
        </action>
        <action>
            <!--指令ID-->
            <id>DownlinkDiscover</id>
            <!--指令名称-->
            <name>自动发现</name>
            <!--指令类型【System、Device】-->
            <type>System</type>
            <!--指令域【Static、Instance】-->
            <domain>Static</domain>
            <!--指令级别【Major、Normal】-->
            <severity>Normal</severity>
            <!--分组【MgrOper(管理操作)、UplinkDataDevice(设备数据上报)、UplinkDataNetwork(网络数据上报)、UplinkDataBusiness(业务数据上报)、UplinkEvent(事件上报)、DownlinkCommand(指令下发)、DownlinkCommandRsp(指令下发响应)】-->
            <group>MgrOper</group>
            <!--是否在页面显示-->
            <display>false</display>
        </action>
        <action>
            <!--电表跳闸-->
            <id>SwitchOffOperation</id>
            <!--指令名称-->
            <name>电表跳闸</name>
            <!--指令类型【System、Device】-->
            <type>Device</type>
            <!--指令域【Static、Instance】-->
            <domain>Instance</domain>
            <!--指令级别【Major、Normal】-->
            <severity>Normal</severity>
            <!--分组【MgrOper(管理操作)、UplinkDataDevice(设备数据上报)、UplinkDataNetwork(网络数据上报)、UplinkDataBusiness(业务数据上报)、UplinkEvent(事件上报)、DownlinkCommand(指令下发)、DownlinkCommandRsp(指令下发响应)】-->
            <group>DownlinkCommand</group>
            <!--是否在页面显示-->
            <display>true</display>
            <!--显示顺序-->
            <sort>6</sort>
        </action>
        <action>
            <!--电表合闸-->
            <id>SwitchOnOperation</id>
            <!--指令名称-->
            <name>电表合闸</name>
            <!--指令类型【System、Device】-->
            <type>Device</type>
            <!--指令域【Static、Instance】-->
            <domain>Instance</domain>
            <!--指令级别【Major、Normal】-->
            <severity>Normal</severity>
            <!--分组【MgrOper(管理操作)、UplinkDataDevice(设备数据上报)、UplinkDataNetwork(网络数据上报)、UplinkDataBusiness(业务数据上报)、UplinkEvent(事件上报)、DownlinkCommand(指令下发)、DownlinkCommandRsp(指令下发响应)】-->
            <group>DownlinkCommand</group>
            <!--是否在页面显示-->
            <display>true</display>
            <!--显示顺序-->
            <sort>7</sort>
        </action>
        <action>
            <!--电表校时-->
            <id>CalibrateDatetimeOperation</id>
            <!--指令名称-->
            <name>电表校时</name>
            <!--指令类型【System、Device】-->
            <type>Device</type>
            <!--指令域【Static、Instance】-->
            <domain>Instance</domain>
            <!--指令级别【Major、Normal】-->
            <severity>Normal</severity>
            <!--分组【MgrOper(管理操作)、UplinkDataDevice(设备数据上报)、UplinkDataNetwork(网络数据上报)、UplinkDataBusiness(业务数据上报)、UplinkEvent(事件上报)、DownlinkCommand(指令下发)、DownlinkCommandRsp(指令下发响应)】-->
            <group>DownlinkCommand</group>
            <!--是否在页面显示-->
            <display>true</display>
            <!--显示顺序-->
            <sort>8</sort>
        </action>
        <action>
            <!--电表校时-->
            <id>CalibrateDatetimeOperation</id>
            <!--指令名称-->
            <name>电表校时</name>
            <!--指令类型【System、Device】-->
            <type>Device</type>
            <!--指令域【Static、Instance】-->
            <domain>Instance</domain>
            <!--指令级别【Major、Normal】-->
            <severity>Normal</severity>
            <!--分组【MgrOper(管理操作)、UplinkDataDevice(设备数据上报)、UplinkDataNetwork(网络数据上报)、UplinkDataBusiness(业务数据上报)、UplinkEvent(事件上报)、DownlinkCommand(指令下发)、DownlinkCommandRsp(指令下发响应)】-->
            <group>DownlinkCommand</group>
            <!--是否在页面显示-->
            <display>true</display>
            <!--显示顺序-->
            <sort>9</sort>
        </action>
        <action>
            <!--电表保电-->
            <id>ProPowerOperation</id>
            <!--指令名称-->
            <name>电表保电</name>
            <!--指令类型【System、Device】-->
            <type>Device</type>
            <!--指令域【Static、Instance】-->
            <domain>Instance</domain>
            <!--指令级别【Major、Normal】-->
            <severity>Normal</severity>
            <!--分组【MgrOper(管理操作)、UplinkDataDevice(设备数据上报)、UplinkDataNetwork(网络数据上报)、UplinkDataBusiness(业务数据上报)、UplinkEvent(事件上报)、DownlinkCommand(指令下发)、DownlinkCommandRsp(指令下发响应)】-->
            <group>DownlinkCommand</group>
            <!--是否在页面显示-->
            <display>true</display>
            <!--显示顺序-->
            <sort>10</sort>
        </action>
        <action>
            <!--电表解除保电-->
            <id>CancelProPowerOperation</id>
            <!--指令名称-->
            <name>电表解除保电</name>
            <!--指令类型【System、Device】-->
            <type>Device</type>
            <!--指令域【Static、Instance】-->
            <domain>Instance</domain>
            <!--指令级别【Major、Normal】-->
            <severity>Normal</severity>
            <!--分组【MgrOper(管理操作)、UplinkDataDevice(设备数据上报)、UplinkDataNetwork(网络数据上报)、UplinkDataBusiness(业务数据上报)、UplinkEvent(事件上报)、DownlinkCommand(指令下发)、DownlinkCommandRsp(指令下发响应)】-->
            <group>DownlinkCommand</group>
            <!--是否在页面显示-->
            <display>true</display>
            <!--显示顺序-->
            <sort>11</sort>
        </action>
        <action>
            <!--阶梯结算参数下发-->
            <id>SetsteptariffParamOperation</id>
            <!--指令名称-->
            <name>阶梯结算参数下发</name>
            <!--指令类型【System、Device】-->
            <type>Device</type>
            <!--指令域【Static、Instance】-->
            <domain>Instance</domain>
            <!--指令级别【Major、Normal】-->
            <severity>Normal</severity>
            <!--分组【MgrOper(管理操作)、UplinkDataDevice(设备数据上报)、UplinkDataNetwork(网络数据上报)、UplinkDataBusiness(业务数据上报)、UplinkEvent(事件上报)、DownlinkCommand(指令下发)、DownlinkCommandRsp(指令下发响应)】-->
            <group>DownlinkCommand</group>
            <!--是否在页面显示-->
            <display>true</display>
            <!--显示顺序-->
            <sort>12</sort>
        </action>
        <action>
            <!--费率电价下发-->
            <id>SetratestariffParamOperation</id>
            <!--指令名称-->
            <name>费率电价下发</name>
            <!--指令类型【System、Device】-->
            <type>Device</type>
            <!--指令域【Static、Instance】-->
            <domain>Instance</domain>
            <!--指令级别【Major、Normal】-->
            <severity>Normal</severity>
            <!--分组【MgrOper(管理操作)、UplinkDataDevice(设备数据上报)、UplinkDataNetwork(网络数据上报)、UplinkDataBusiness(业务数据上报)、UplinkEvent(事件上报)、DownlinkCommand(指令下发)、DownlinkCommandRsp(指令下发响应)】-->
            <group>DownlinkCommand</group>
            <!--是否在页面显示-->
            <display>true</display>
            <!--显示顺序-->
            <sort>13</sort>
        </action>
    </actions>
    <attrs>
        <attr>
            <id>instanceid</id>
            <name>设备ID</name>
            <type>long</type>
            <is_primary>true</is_primary>
            <support_action>
                <![CDATA[
	    Query,Get,Delete,Update,Import,Export
      ]]>
            </support_action>
        </attr>
        <attr>
            <id>nativeid</id>
            <name>设备原始ID</name>
            <type>string</type>
            <support_action>
                <![CDATA[
	    Query,Get,Delete,Update,Import,Export,Add
      ]]>
            </support_action>
        </attr>
        <attr>
            <id>METER_ID</id>
            <name>电能表标识</name>
            <type>int</type>
            <support_action>
                <![CDATA[
	    Query,Get,Delete,Update,Import,Export,Add
      ]]>
            </support_action>
        </attr>
        <attr>
            <id>COMM_ADDR</id>
            <name>通信地址</name>
            <type>int</type>
            <support_action>
                <![CDATA[
	    Query,Get,Delete,Update,Import,Export,Add
      ]]>
            </support_action>
        </attr>
        <attr>
            <id>AREA_CODE</id>
            <name>地区代码</name>
            <is_search_condition>true</is_search_condition>
            <type>string</type>
            <support_action>
                <![CDATA[
	    Query,Get,Delete,Update,Import,Export,Add
      ]]>
            </support_action>
        </attr>
        <attr>
            <id>BAR_CODE</id>
            <name>条形码</name>
            <type>string</type>
            <support_action>
                <![CDATA[
	    Query,Get,Delete,Update,Import,Export,Add
      ]]>
            </support_action>
        </attr>
        <attr>
            <id>LOT_NO</id>
            <name>生产批次</name>
            <type>string</type>
            <support_action>
                <![CDATA[
	    Query,Get,Delete,Update,Import,Export,Add
      ]]>
            </support_action>
        </attr>
        <attr>
            <id>ASSET_NO</id>
            <name>资产编号</name>
            <type>string</type>
            <support_action>
                <![CDATA[
	    Query,Get,Delete,Update,Import,Export,Add
      ]]>
            </support_action>
        </attr>
        <attr>
            <id>MADE_NO</id>
            <name>出厂编号</name>
            <type>string</type>
            <support_action>
                <![CDATA[
	    Query,Get,Delete,Update,Import,Export,Add
      ]]>
            </support_action>
        </attr>
        <attr>
            <id>SORT_CODE</id>
            <name>类别</name>
            <type>string</type>
            <support_action>
                <![CDATA[
	    Query,Get,Delete,Update,Import,Export,Add
      ]]>
            </support_action>
        </attr>
        <attr>
            <id>TYPE_CODE</id>
            <name>类型</name>
            <type>string</type>
            <support_action>
                <![CDATA[
	    Query,Get,Delete,Update,Import,Export,Add
      ]]>
            </support_action>
        </attr>
        <attr>
            <id>MODEL_CODE</id>
            <name>型号</name>
            <type>string</type>
            <is_search_condition>true</is_search_condition>
            <support_action>
                <![CDATA[
	    Query,Get,Delete,Update,Import,Export,Add
      ]]>
            </support_action>
        </attr>
        <attr>
            <id>WIRING_MODE</id>
            <name>接线方式</name>
            <type>string</type>
            <support_action>
                <![CDATA[
	    Query,Get,Delete,Update,Import,Export,Add
      ]]>
            </support_action>
        </attr>
        <attr>
            <id>VOLT_CODE</id>
            <name>电压</name>
            <type>string</type>
            <support_action>
                <![CDATA[
	    Query,Get,Delete,Update,Import,Export,Add
      ]]>
            </support_action>
        </attr>
        <attr>
            <id>RATED_CURRENT</id>
            <name>标定电流</name>
            <type>string</type>
            <support_action>
                <![CDATA[
	    Query,Get,Delete,Update,Import,Export,Add
      ]]>
            </support_action>
        </attr>
        <attr>
            <id>OVERLOAD_FACTOR</id>
            <name>过载倍数</name>
            <type>string</type>
            <support_action>
                <![CDATA[
	    Query,Get,Delete,Update,Import,Export,Add
      ]]>
            </support_action>
        </attr>
        <attr>
            <id>AP_PRE_LEVEL_CODE</id>
            <name>有功准确度等级</name>
            <type>string</type>
            <support_action>
                <![CDATA[
	    Query,Get,Delete,Update,Import,Export,Add
      ]]>
            </support_action>
        </attr>
        <attr>
            <id>RP_PRE_LEVEL_CODE</id>
            <name>无功准确度等级</name>
            <type>string</type>
            <support_action>
                <![CDATA[
	    Query,Get,Delete,Update,Import,Export,Add
      ]]>
            </support_action>
        </attr>
        <attr>
            <id>METER_DIGITS</id>
            <name>电能表位数</name>
            <type>int</type>
            <support_action>
                <![CDATA[
	    Query,Get,Delete,Update,Import,Export,Add
      ]]>
            </support_action>
        </attr>
        <attr>
            <id>TS_DIGITS</id>
            <name>分时位数</name>
            <type>int</type>
            <support_action>
                <![CDATA[
	    Query,Get,Delete,Update,Import,Export,Add
      ]]>
            </support_action>
        </attr>
        <attr>
            <id>CONST_CODE</id>
            <name>常数</name>
            <type>string</type>
            <support_action>
                <![CDATA[
	    Query,Get,Delete,Update,Import,Export,Add
      ]]>
            </support_action>
        </attr>
        <attr>
            <id>RP_CONSTANT</id>
            <name>无功常数</name>
            <type>string</type>
            <support_action>
                <![CDATA[
	    Query,Get,Delete,Update,Import,Export,Add
      ]]>
            </support_action>
        </attr>
        <attr>
            <id>REMARK</id>
            <name>备注</name>
            <type>string</type>
            <support_action>
                <![CDATA[
	    Query,Get,Delete,Update,Import,Export,Add
      ]]>
            </support_action>
        </attr>
        <attr>
            <id>BAUDRATE_CODE</id>
            <name>波特率</name>
            <type>string</type>
            <support_action>
                <![CDATA[
	    Query,Get,Delete,Update,Import,Export,Add
      ]]>
            </support_action>
        </attr>
        <attr>
            <id>METER_CLOSE_MODE</id>
            <name>卡表跳闸方式</name>
            <type>string</type>
            <support_action>
                <![CDATA[
	    Query,Get,Delete,Update,Import,Export,Add
      ]]>
            </support_action>
        </attr>
        <attr>
            <id>REGISTER_MODE</id>
            <name>计度器方式</name>
            <type>string</type>
            <support_action>
                <![CDATA[
	    Query,Get,Delete,Update,Import,Export,Add
      ]]>
            </support_action>
        </attr>
        <attr>
            <id>DISP_MODE</id>
            <name>显示方式</name>
            <type>string</type>
            <support_action>
                <![CDATA[
	    Query,Get,Delete,Update,Import,Export,Add
      ]]>
            </support_action>
        </attr>
        <attr>
            <id>HARD_VER</id>
            <name>硬件版本</name>
            <type>string</type>
            <support_action>
                <![CDATA[
	    Query,Get,Delete,Update,Import,Export,Add
      ]]>
            </support_action>
        </attr>
        <attr>
            <id>SOFT_VER</id>
            <name>软件版本</name>
            <type>string</type>
            <support_action>
                <![CDATA[
	    Query,Get,Delete,Update,Import,Export,Add
      ]]>
            </support_action>
        </attr>
        <attr>
            <id>COMM_PROT_CODE</id>
            <name>通讯规约</name>
            <type>string</type>
            <support_action>
                <![CDATA[
	    Query,Get,Delete,Update,Import,Export,Add
      ]]>
            </support_action>
        </attr>
        <attr>
            <id>RS485_ROUTE_QTY</id>
            <name>RS485路数</name>
            <type>int</type>
            <support_action>
                <![CDATA[
	    Query,Get,Delete,Update,Import,Export,Add
      ]]>
            </support_action>
        </attr>
        <attr>
            <id>COMM_MODE</id>
            <name>通讯方式</name>
            <type>string</type>
            <support_action>
                <![CDATA[
	    Query,Get,Delete,Update,Import,Export,Add
      ]]>
            </support_action>
        </attr>
        <attr>
            <id>CARRIER_WAVE_ID</id>
            <name>通信模块属性标识</name>
            <type>int</type>
            <support_action>
                <![CDATA[
	    Query,Get,Delete,Update,Import,Export,Add
      ]]>
            </support_action>
        </attr>
        <attr>
            <id>lt</id>
            <name>更新时间</name>
            <type>int</type>
            <support_action>
                <![CDATA[
	    Query,Get
      ]]>
            </support_action>

        </attr>
    </attrs>
</ci>
