<?xml version="1.0" encoding="UTF-8"?>
<!DOCTYPE mapper PUBLIC "-//mybatis.org//DTD Mapper 3.0//EN" "http://mybatis.org/dtd/mybatis-3-mapper.dtd">
<mapper namespace="com.neoway.imports.dao.IImportDao">
	<insert id="insert" parameterType="ImportEntity">
		insert into ${tableName}
		<foreach item="item" index="index" collection="filedsArray"
			open="(" separator="," close=")">
			${item}
		</foreach>
		values
		<foreach collection="valusList" item="item" index="index"
			separator=",">
			<foreach item="itemChild" index="index" collection="item"
				open="(" separator="," close=")">
				#{itemChild}
			</foreach>
		</foreach>
	</insert>
	
	<select id="find" parameterType="java.lang.String" resultType="java.util.Map">
		${findSql}
	</select>
</mapper>