<?xml version="1.0" encoding="UTF-8"?>
<!--网关-->
<ci>
    <!--网关-->
    <id>Gw</id>
    <!--对象名称-->
    <name>网关</name>
    <!--描述-->
    <description>${ioc.gwm.Gw.desc}</description>
    <type>B</type>
    <!--指令集合-->
    <actions>
        <action>
            <!--指令ID-->
            <id>Query</id>
            <!--指令名称-->
            <name>查询</name>
            <!--指令类型【System、Device】-->
            <type>System</type>
            <!--指令域【Static、Instance】-->
            <domain>Static</domain>
            <!--指令级别【Major、Normal】-->
            <severity>Normal</severity>
        </action>

    </actions>
    <attrs>
        <attr>
            <id>region</id>
            <name>网关部署区域ID</name>
            <type>string</type>
            <is_primary>true</is_primary>
            <support_action>
                <![CDATA[
	    Query
      ]]>
            </support_action>
        </attr>
        <attr>
            <id>region_name</id>
            <name>网关部署区域全称</name>
            <type>string</type>
            <support_action>
                <![CDATA[
	    Query
      ]]>
            </support_action>
        </attr>
        <attr>
            <id>ip</id>
            <name>网关集群IP</name>
            <type>text</type>
            <support_action>
                <![CDATA[
	    Query
      ]]>
            </support_action>
        </attr>
        <attr>
            <id>port</id>
            <name>网关集群端口</name>
            <type>string</type>
            <support_action>
                <![CDATA[
	    Query
      ]]>
            </support_action>
        </attr>
        <attr>
            <id>status</id>
            <name>网关集群状态</name>
            <type>string</type>
            <support_action>
                <![CDATA[
	    Query
      ]]>
            </support_action>
        </attr>
        <attr>
            <id>update_ts</id>
            <name>更新时间</name>
            <type>int</type>
            <support_action>
                <![CDATA[
	    Query
      ]]>
            </support_action>

        </attr>
    </attrs>
</ci>