<?xml version="1.0" encoding="UTF-8"?>
<!--周期报表策略-->
<ci>
    <!--周期报表策略-->
    <id>ReportStrategy</id>
    <!--对象名称-->
    <name>周期报表策略</name>
    <!--国际化词条-->
    <i18n_key>ies.ubi.ReportStrategy.metaCI</i18n_key>
    <!--描述-->
    <description>${ioc.ubi.ReportStrategy.desc}</description>
    <!--对象类型【R(资源表),B(业务表)】-->
    <type>B</type>
    <!--指令集合-->
    <actions>
        <action>
            <!--指令ID-->
            <id>Query</id>
            <!--指令名称-->
            <name>查询</name>
            <!--指令类型【System、Device】-->
            <type>System</type>
            <!--指令域【Static、Instance】-->
            <domain>Static</domain>
            <!--指令级别【Major、Normal】-->
            <severity>Normal</severity>
        </action>
    </actions>
    <attrs>
	     <attr>
            <id>id</id>
            <name>策略id</name>
             <i18n_key>ies.ubi.ReportStrategy.attr.id</i18n_key>
            <type>long</type>
            <is_primary>true</is_primary>
            <support_action>
                <![CDATA[
	    Register,Query
      ]]>
            </support_action>
        </attr>
        <attr>
            <id>viewid</id>
            <name>视图ID</name>
            <i18n_key>ies.ubi.ReportStrategy.attr.viewid</i18n_key>
            <type>string</type>
            <support_action>
                <![CDATA[
	    Register,Query
      ]]>
            </support_action>
        </attr>
        <attr>
            <id>policy</id>
            <name>周期策略</name>
            <i18n_key>ies.ubi.ReportStrategy.attr.policy</i18n_key>
            <type>string</type>
            <support_action>
                <![CDATA[
	    Register,Query
      ]]>
            </support_action>
        </attr>
        <attr>
            <id>notify_type</id>
            <name>通知方式</name>
            <i18n_key>ies.ubi.ReportStrategy.attr.notify_type</i18n_key>
            <type>string</type>
            <support_action>
                <![CDATA[
	    Register,Query
      ]]>
            </support_action>
        </attr>
        <attr>
            <id>notify_group</id>
            <name>通知组</name>
            <i18n_key>ies.ubi.ReportStrategy.attr.notify_group</i18n_key>
            <type>string</type>
            <support_action>
                <![CDATA[
	    Register,Query
      ]]>
            </support_action>
        </attr>
        <attr>
            <id>notify_group_code</id>
            <name>通知组编码</name>
            <i18n_key>ies.ubi.ReportStrategy.attr.notify_group_code</i18n_key>
            <type>string</type>
            <support_action>
                <![CDATA[
	    Register,Query
      ]]>
            </support_action>
        </attr>
        <attr>
            <id>lt</id>
            <name>更新时间</name>
            <i18n_key>ies.ubi.ReportStrategy.attr.lt</i18n_key>
            <type>int</type>
            <support_action>
                <![CDATA[
	    Register,Query
      ]]>
            </support_action>

        </attr>
    </attrs>
</ci>