<?xml version="1.0" encoding="UTF-8"?>
<!--数据源扩展对象-->
<ci>
    <!--数据源扩展对象-->
    <id>DSExt</id>
    <!--对象名称-->
    <name>数据源扩展对象</name>
    <!--描述-->
    <description>${ioc.gwm.DSExt.desc}</description>
    <type>B</type>
    <!--指令集合-->
    <actions>
        <action>
            <!--指令ID-->
            <id>Query</id>
            <!--指令名称-->
            <name>查询</name>
            <!--指令类型【System、Device】-->
            <type>System</type>
            <!--指令域【Static、Instance】-->
            <domain>Static</domain>
            <!--指令级别【Major、Normal】-->
            <severity>Normal</severity>
        </action>
    </actions>
    <attrs>
        <attr>
            <id>ds_type</id>
            <name>数据源类型</name>
            <type>string</type>
            <support_action>
                <![CDATA[
	    Query
      ]]>
            </support_action>
        </attr>
        <attr>
            <id>code</id>
            <name>数据源编码</name>
            <type>long</type>
            <is_primary>true</is_primary>
            <support_action>
                <![CDATA[
	    Query
      ]]>
            </support_action>
        </attr>
        <attr>
            <id>attr</id>
            <name>扩展属性</name>
            <type>string</type>
            <is_primary>true</is_primary>
            <support_action>
                <![CDATA[
	    Query
      ]]>
            </support_action>
        </attr>
        <attr>
            <id>value</id>
            <name>扩展属性值</name>
            <type>string</type>
            <support_action>
                <![CDATA[
	    Query
      ]]>
            </support_action>
        </attr>
        <attr>
            <id>update_ts</id>
            <name>创建时间</name>
            <type>int</type>
            <support_action>
                <![CDATA[
	    Query
      ]]>
            </support_action>
        </attr>

    </attrs>
</ci>