<?xml version="1.0" encoding="UTF-8"?>
<!--数据源-系统实例-->
<ci>
    <!--数据源-系统实例-->
    <id>SystemInstance</id>
    <!--对象名称-->
    <name>数据源</name>
    <!--描述-->
    <description>${ioc.gwm.SystemInstance.desc}</description>
    <!--对象类型【R(资源表),B(业务表)】-->
    <type>B</type>
    <cache>true</cache>
    <!--指令集合-->
    <actions>
        <action>
            <!--指令ID-->
            <id>Query</id>
            <!--指令名称-->
            <name>查询</name>
            <!--指令类型【System、Device】-->
            <type>System</type>
            <!--指令域【Static、Instance】-->
            <domain>Static</domain>
            <!--指令级别【Major、Normal】-->
            <severity>Normal</severity>
        </action>
    </actions>
    <attrs>
        <attr>
            <id>system_id</id>
            <name>系统编码</name>
            <type>long</type>
            <support_action>
                <![CDATA[
	    Query
      ]]>
            </support_action>
        </attr>
        <attr>
            <id>instanceid</id>
            <name>系统实例ID</name>
            <type>string</type>
            <is_primary>true</is_primary>
            <support_action>
                <![CDATA[
	    Query
      ]]>
            </support_action>
        </attr>
        <attr>
            <id>name</id>
            <name>系统名称</name>
            <type>string</type>
            <support_action>
                <![CDATA[
	    Query
      ]]>
            </support_action>
        </attr>
        <attr>
            <id>nativeid</id>
            <name>系统域名</name>
            <type>string</type>
            <support_action>
                <![CDATA[
	    Query
      ]]>
            </support_action>
        </attr>
        <attr>
            <id>gw_nativeid</id>
            <name>网关分配的ID</name>
            <type>string</type>
            <support_action>
                <![CDATA[
	    Query
      ]]>
            </support_action>
        </attr>
        <attr>
            <id>region</id>
            <name>部署区域</name>
            <type>string</type>
            <support_action>
                <![CDATA[
	    Query
      ]]>
            </support_action>
        </attr>
        <attr>
            <id>rt</id>
            <name>创建时间</name>
            <type>int</type>
            <support_action>
                <![CDATA[
	    Query
      ]]>
            </support_action>
        </attr>
        <attr>
            <id>ext</id>
            <name>扩展信息</name>
            <type>json</type>
            <support_action>
                <![CDATA[
	    Query
      ]]>
            </support_action>
        </attr>
    </attrs>
</ci>