<?xml version="1.0" encoding="UTF-8"?>
<!--OM能力-->
<ci>
    <!--OM能力对象-->
    <id>OmCapability</id>
    <!--对象名称-->
    <name>OM能力</name>
    <!--描述-->
    <description>${ioc.cm.OmCapability.desc}</description>
    <type>B</type>
    <!--指令集合-->
    <actions>
        <action>
            <!--指令ID-->
            <id>Query</id>
            <!--指令名称-->
            <name>查询</name>
            <!--指令类型【System、Device】-->
            <type>System</type>
            <!--指令域【Static、Instance】-->
            <domain>Static</domain>
            <!--指令级别【Major、Normal】-->
            <severity>Normal</severity>
        </action>
        <action>
            <!--指令ID-->
            <id>DownlinkDiscover</id>
            <!--指令名称-->
            <name>${ioc.cm.Meta.Add.name}</name>
            <!--指令类型【System、Device】-->
            <type>System</type>
            <!--指令域【Static、Instance】-->
            <domain>Static</domain>
            <!--指令级别【Major、Normal】-->
            <severity>Normal</severity>
        </action>

    </actions>
    <attrs>
        <attr>
            <id>ns</id>
            <name>产品域</name>
            <type>string</type>
            <is_primary>true</is_primary>
            <support_action>
                <![CDATA[
	    Query
      ]]>
            </support_action>
        </attr>
        <attr>
            <id>type</id>
            <name>对象</name>
            <type>string</type>
            <is_primary>true</is_primary>
            <support_action>
                <![CDATA[
	    Query
      ]]>
            </support_action>
        </attr>
        <attr>
            <id>om</id>
            <name>OM能力</name>
            <is_primary>true</is_primary>
            <type>string</type>
            <support_action>
                <![CDATA[
	    Query
      ]]>
            </support_action>
        </attr>
        <attr>
            <id>name</id>
            <name>OM能力名称</name>
            <type>string</type>
            <support_action>
                <![CDATA[
	    Query
      ]]>
            </support_action>
        </attr>
        <attr>
            <id>desc</id>
            <name>描述</name>
            <type>text</type>
            <support_action>
                <![CDATA[
	    Query
      ]]>
            </support_action>
        </attr>
    </attrs>
</ci>