<?xml version="1.0" encoding="UTF-8"?>
<beans xmlns="http://www.springframework.org/schema/beans"
	xmlns:xsi="http://www.w3.org/2001/XMLSchema-instance" xmlns:aop="http://www.springframework.org/schema/aop"
	xmlns:tx="http://www.springframework.org/schema/tx" xmlns:util="http://www.springframework.org/schema/util"
	xmlns:context="http://www.springframework.org/schema/context"
	xsi:schemaLocation="
       http://www.springframework.org/schema/beans http://www.springframework.org/schema/beans/spring-beans.xsd
       http://www.springframework.org/schema/tx http://www.springframework.org/schema/tx/spring-tx.xsd
       http://www.springframework.org/schema/aop http://www.springframework.org/schema/aop/spring-aop.xsd
       http://www.springframework.org/schema/util http://www.springframework.org/schema/util/spring-util.xsd
       http://www.springframework.org/schema/context http://www.springframework.org/schema/context/spring-context.xsd">
	<description>et-core</description>
	
	<bean id="springContextHolder" class="com.neoway.core.SpringContextHolder"  />
	
	<bean id="dataSource" class="org.apache.commons.dbcp.BasicDataSource" destroy-method="close" depends-on="springContextHolder">
        <property name="driverClassName" value="${jdbc.mysql.driver}"/>
        <property name="url" value="${jdbc.mysql.url}"/>
        <property name="username" value="${jdbc.mysql.username}"/>
        <property name="password" value="${jdbc.mysql.password}"/>
        <property name="initialSize" value="${jdbc.initialSize}"/>
        <property name="minIdle" value="${jdbc.minIdle}"/>
        <property name="maxIdle" value="${jdbc.maxIdle}"/>
        <property name="maxActive" value="${jdbc.maxActive}"/>
        <property name="maxWait" value="${jdbc.maxWait}"/>
        <property name="defaultAutoCommit" value="${jdbc.defaultAutoCommit}"/>
        <property name="removeAbandoned" value="${jdbc.removeAbandoned}"/>
        <property name="removeAbandonedTimeout" value="${jdbc.removeAbandonedTimeout}"/>
        <property name="testWhileIdle" value="${jdbc.testWhileIdle}"/>
        <property name="timeBetweenEvictionRunsMillis" value="${jdbc.timeBetweenEvictionRunsMillis}"/>
        <property name="numTestsPerEvictionRun" value="${jdbc.numTestsPerEvictionRun}"/>
        <property name="minEvictableIdleTimeMillis" value="${jdbc.minEvictableIdleTimeMillis}"/>
    </bean>
	
	<bean id="transactionManager" class="org.springframework.jdbc.datasource.DataSourceTransactionManager">
	     <property name="dataSource" ref="dataSource" />
	 </bean>
	 
	 <bean id="sqlSessionFactory" class="org.mybatis.spring.SqlSessionFactoryBean">
		<property name="dataSource" ref="dataSource" />
		<property name="configLocation" value="classpath:mybatis-config.xml"/>
		<!-- 自动扫描entity目录, 省掉Configuration.xml里的手工配置-->
		<property name="typeAliasesPackage" ref="typeAliasesPackageProp" /> 
		<property name="databaseIdProvider" ref="databaseIdProvider" />
		<!-- 
		<property name="typeAliases" ref="typeAliasesExtend" />
		 -->
		 
		<property name="mapperLocations"  >
			<list>
				<value>classpath*:mapper/**/*Mapper.xml</value>
			</list>
		</property>
		<property name="configurationProperties">
			<props>
				<prop key="SCHEMA_BASE">car</prop>
			</props>	
		</property>
		<!-- springbootvfs实现 解决springboot 打jar war包mybatis别名扫描问题 -->
		<property name="vfs" value="com.neoway.core.extend.mybatis.SpringBootVFS"></property> 
	</bean>
	
	<!-- 数据库类型定义,用于mapper文件中可判断数据库类型 -->
	<bean id="vendorProperties"
		class="org.springframework.beans.factory.config.PropertiesFactoryBean">
		<property name="properties">
			<props>
				<prop key="DB2">db2</prop>
				<prop key="Oracle">oracle</prop>
				<prop key="MySQL">mysql</prop>
			</props>
		</property>
	</bean>
	<!-- 支持multi-db适应多种数据库 -->
	<bean id="databaseIdProvider" class="org.apache.ibatis.mapping.VendorDatabaseIdProvider">
		<property name="properties" ref="vendorProperties" />
	</bean>
	<!--typeAliases 扫描包定义 -->
	<bean id="typeAliasesPackageProp" class="com.neoway.core.extend.mybatis.TypeAliasesPackagePropExtend">
		<property name="typeAliasesPackages">
			<list>
				<value>com.**.entity</value>
			</list>
		</property>
		<property name="rootPackage" value="com/" />
	</bean>
	<!-- 
	<bean id="typeAliasesExtend" class="com.neoway.core.extend.mybatis.TypeAliasesExtend">
		<property name="typeAliasesPackages">
			<list>
				<value>com.**.entity</value>
			</list>
		</property>
	</bean> -->
	
	<bean class="org.mybatis.spring.mapper.MapperScannerConfigurer">
		<!-- <property name="basePackage" value="com.neoway.**.dao" /> -->
		<property name="basePackage" value="com.**.dao" />
		<property name="sqlSessionFactoryBeanName" value="sqlSessionFactory" />
	</bean>
	
	 <!-- 注入session工厂，可直接使用sqlsession -->
	<bean id="sqlSession" class="org.mybatis.spring.SqlSessionTemplate">
		<constructor-arg index="0" ref="sqlSessionFactory" />
	</bean>
	<!-- -->
	<tx:advice id="txAdvice" transaction-manager="transactionManager">
        <tx:attributes>
            <tx:method name="add*" propagation="REQUIRED" rollback-for="Exception" />
            <tx:method name="save*"   propagation="REQUIRED" rollback-for="Exception" />
            <tx:method name="insert*" propagation="REQUIRED" rollback-for="Exception" />
            <tx:method name="update*" propagation="REQUIRED" rollback-for="Exception" />
            <tx:method name="delete*" propagation="REQUIRED" rollback-for="Exception" />
            <tx:method name="find*"   read-only="true" />
            <tx:method name="select*" read-only="true" />
        </tx:attributes>
    </tx:advice>
    <aop:config proxy-target-class="true">
		<aop:pointcut id="smMethod" expression="execution(* *..service*..*(..))"/>
		<aop:advisor advice-ref="txAdvice" pointcut-ref="smMethod"/>
	</aop:config>
	
	<!-- 验证码 -->
	<bean id="producer" class="com.google.code.kaptcha.impl.DefaultKaptcha">
		<property name="config">
			<bean class="com.google.code.kaptcha.util.Config">
				<constructor-arg>
					<props>
						<prop key="kaptcha.border">no</prop>
						<prop key="kaptcha.border.color">105,179,90</prop>
						<prop key="kaptcha.textproducer.font.color">red</prop>
						<prop key="kaptcha.image.width">250</prop>
						<prop key="kaptcha.textproducer.font.size">70</prop>
						<prop key="kaptcha.image.height">90</prop>
						<prop key="kaptcha.session.key">code</prop>
						<prop key="kaptcha.textproducer.char.length">4</prop>
						<prop key="kaptcha.textproducer.font.names">宋体,楷体,微软雅黑</prop>
					</props>
				</constructor-arg>
			</bean>
		</property>
	</bean>
</beans>

