<?xml version="1.0" encoding="UTF-8"?>
<!--Meta信息-->
<ci>
    <!--Meta对象-->
    <id>Meta</id>
    <!--对象名称-->
    <name>${ioc.cm.Meta.name}</name>
    <!--描述-->
    <description>${ioc.cm.Meta.desc}</description>
    <type>B</type>
    <!--指令集合-->
    <actions>
        <action>
            <!--指令ID-->
            <id>Query</id>
            <!--指令名称-->
            <name>${ioc.cm.Meta.Query.name}</name>
            <!--指令类型【System、Device】-->
            <type>System</type>
            <!--指令域【Static、Instance】-->
            <domain>Static</domain>
            <!--指令级别【Major、Normal】-->
            <severity>Normal</severity>
        </action>
        <action>
            <!--指令ID-->
            <id>Add</id>
            <!--指令名称-->
            <name>${ioc.cm.Meta.Add.name}</name>
            <!--指令类型【System、Device】-->
            <type>System</type>
            <!--指令域【Static、Instance】-->
            <domain>Static</domain>
            <!--指令级别【Major、Normal】-->
            <severity>Normal</severity>
        </action>
    </actions>
    <attrs>
        <attr>
            <id>ns</id>
            <name>产品域</name>
            <type>string</type>
            <is_primary>true</is_primary>
            <support_action>
                <![CDATA[
	    Query,Add
      ]]>
            </support_action>
        </attr>
        <attr>
            <id>type</id>
            <name>对象</name>
            <type>string</type>
            <is_primary>true</is_primary>
            <support_action>
                <![CDATA[
	    Query,Add
      ]]>
            </support_action>
        </attr>
        <attr>
            <id>attr</id>
            <name>配置项属性</name>
            <type>string</type>
            <is_primary>true</is_primary>
            <support_action>
                <![CDATA[
	    Query,Add
      ]]>
            </support_action>
        </attr>
        <attr>
            <id>name</id>
            <name>配置项名称</name>
            <type>string</type>
            <support_action>
                <![CDATA[
	    Query,Add
      ]]>
            </support_action>
        </attr>
        <attr>
            <id>desc</id>
            <name>配置项描述</name>
            <type>string</type>
            <support_action>
                <![CDATA[
	    Query,Add
      ]]>
            </support_action>
        </attr>
        <attr>
            <id>dtype</id>
            <name>配置项输入类型</name>
            <type>string</type>
            <support_action>
                <![CDATA[
	    Query,Add
      ]]>
            </support_action>
        </attr>
        <attr>
            <id>validate</id>
            <name>配置项校验规则</name>
            <type>string</type>
            <support_action>
                <![CDATA[
	    Query,Add
      ]]>
            </support_action>
        </attr>
        <attr>
            <id>lt</id>
            <name>更新时间</name>
            <type>int</type>
            <support_action>
                <![CDATA[
	    Query,Add
      ]]>
            </support_action>

        </attr>
    </attrs>
</ci>