<?xml version="1.0" encoding="UTF-8"?>
<!--采集终端-->
<ci>
    <!--采集终端-->
    <id>AcquisitionTerminal</id>
    <!--对象名称-->
    <name>采集终端</name>
    <!--描述-->
    <description>${ioc.urm.AcquisitionTerminal.desc}</description>
    <type>D</type>
    <display>false</display>
    <!--指令集合-->
    <actions>
        <action>
            <!--添加-->
            <id>Add</id>
            <!--指令名称-->
            <name>添加</name>
            <!--指令类型【System、Device】-->
            <type>System</type>
            <!--指令域【Static、Instance】-->
            <domain>Static</domain>
            <!--指令级别【Major、Normal】-->
            <severity>Normal</severity>
            <!--分组【MgrOper(管理操作)、UplinkDataDevice(设备数据上报)、UplinkDataNetwork(网络数据上报)、UplinkDataBusiness(业务数据上报)、UplinkEvent(事件上报)、DownlinkCommand(指令下发)、DownlinkCommandRsp(指令下发响应)】-->
            <group>MgrOper</group>
            <!--是否在页面显示-->
            <display>false</display>
        </action>
        <action>
            <!--删除-->
            <id>Delete</id>
            <!--指令名称-->
            <name>删除</name>
            <!--指令类型【System、Device】-->
            <type>System</type>
            <!--指令域【Static、Instance】-->
            <domain>Instance</domain>
            <!--指令级别【Major、Normal】-->
            <severity>Normal</severity>
            <!--分组【MgrOper(管理操作)、UplinkDataDevice(设备数据上报)、UplinkDataNetwork(网络数据上报)、UplinkDataBusiness(业务数据上报)、UplinkEvent(事件上报)、DownlinkCommand(指令下发)、DownlinkCommandRsp(指令下发响应)】-->
            <group>MgrOper</group>
            <!--是否在页面显示-->
            <display>true</display>
            <!--显示顺序-->
            <sort>3</sort>
        </action>
        <action>
            <!--查询-->
            <id>Query</id>
            <!--指令名称-->
            <name>查询</name>
            <!--指令类型【System、Device】-->
            <type>System</type>
            <!--指令域【Static、Instance】-->
            <domain>Static</domain>
            <!--指令级别【Major、Normal】-->
            <severity>Normal</severity>
            <!--分组【MgrOper(管理操作)、UplinkDataDevice(设备数据上报)、UplinkDataNetwork(网络数据上报)、UplinkDataBusiness(业务数据上报)、UplinkEvent(事件上报)、DownlinkCommand(指令下发)、DownlinkCommandRsp(指令下发响应)】-->
            <group>MgrOper</group>
            <!--是否在页面显示-->
            <display>false</display>
        </action>
        <action>
            <!--详情-->
            <id>Get</id>
            <!--指令名称-->
            <name>详情</name>
            <!--指令类型【System、Device】-->
            <type>System</type>
            <!--指令域【Static、Instance】-->
            <domain>Instance</domain>
            <!--指令级别【Major、Normal】-->
            <severity>Normal</severity>
            <!--分组【MgrOper(管理操作)、UplinkDataDevice(设备数据上报)、UplinkDataNetwork(网络数据上报)、UplinkDataBusiness(业务数据上报)、UplinkEvent(事件上报)、DownlinkCommand(指令下发)、DownlinkCommandRsp(指令下发响应)】-->
            <group>MgrOper</group>
            <!--是否在页面显示-->
            <display>true</display>
            <!--显示顺序-->
            <sort>4</sort>
        </action>
        <action>
            <!--修改-->
            <id>Update</id>
            <!--指令名称-->
            <name>修改</name>
            <!--指令类型【System、Device】-->
            <type>System</type>
            <!--指令域【Static、Instance】-->
            <domain>Instance</domain>
            <!--指令级别【Major、Normal】-->
            <severity>Normal</severity>
            <!--分组【MgrOper(管理操作)、UplinkDataDevice(设备数据上报)、UplinkDataNetwork(网络数据上报)、UplinkDataBusiness(业务数据上报)、UplinkEvent(事件上报)、DownlinkCommand(指令下发)、DownlinkCommandRsp(指令下发响应)】-->
            <group>MgrOper</group>
            <!--是否在页面显示-->
            <display>true</display>
            <!--显示顺序-->
            <sort>5</sort>
        </action>
        <action>
            <!--导入-->
            <id>Import</id>
            <!--指令名称-->
            <name>导入</name>
            <!--指令类型【System、Device】-->
            <type>System</type>
            <!--指令域【Static、Instance】-->
            <domain>Static</domain>
            <!--指令级别【Major、Normal】-->
            <severity>Normal</severity>
            <!--分组【MgrOper(管理操作)、UplinkDataDevice(设备数据上报)、UplinkDataNetwork(网络数据上报)、UplinkDataBusiness(业务数据上报)、UplinkEvent(事件上报)、DownlinkCommand(指令下发)、DownlinkCommandRsp(指令下发响应)】-->
            <group>MgrOper</group>
            <!--是否在页面显示-->
            <display>true</display>
            <!--显示顺序-->
            <sort>1</sort>
        </action>
        <action>
            <!--导出-->
            <id>Export</id>
            <!--指令名称-->
            <name>导出</name>
            <!--指令类型【System、Device】-->
            <type>System</type>
            <!--指令域【Static、Instance】-->
            <domain>Static</domain>
            <!--指令级别【Major、Normal】-->
            <severity>Normal</severity>
            <!--分组【MgrOper(管理操作)、UplinkDataDevice(设备数据上报)、UplinkDataNetwork(网络数据上报)、UplinkDataBusiness(业务数据上报)、UplinkEvent(事件上报)、DownlinkCommand(指令下发)、DownlinkCommandRsp(指令下发响应)】-->
            <group>MgrOper</group>
            <!--是否在页面显示-->
            <display>true</display>
            <!--显示顺序-->
            <sort>2</sort>
        </action>
        <action>
            <!--指令ID-->
            <id>DownlinkDiscover</id>
            <!--指令名称-->
            <name>自动发现</name>
            <!--指令类型【System、Device】-->
            <type>System</type>
            <!--指令域【Static、Instance】-->
            <domain>Static</domain>
            <!--指令级别【Major、Normal】-->
            <severity>Normal</severity>
            <!--分组【MgrOper(管理操作)、UplinkDataDevice(设备数据上报)、UplinkDataNetwork(网络数据上报)、UplinkDataBusiness(业务数据上报)、UplinkEvent(事件上报)、DownlinkCommand(指令下发)、DownlinkCommandRsp(指令下发响应)】-->
            <group>MgrOper</group>
            <!--是否在页面显示-->
            <display>false</display>
        </action>
        <action>
            <!--断开应用连接-->
            <id>Release</id>
            <!--指令名称-->
            <name>断开应用连接</name>
            <!--指令类型【System、Device】-->
            <type>Device</type>
            <!--指令域【Static、Instance】-->
            <domain>Instance</domain>
            <!--指令级别【Major、Normal】-->
            <severity>Normal</severity>
            <!--分组【MgrOper(管理操作)、UplinkDataDevice(设备数据上报)、UplinkDataNetwork(网络数据上报)、UplinkDataBusiness(业务数据上报)、UplinkEvent(事件上报)、DownlinkCommand(指令下发)、DownlinkCommandRsp(指令下发响应)】-->
            <group>DownlinkCommand</group>
            <!--是否在页面显示-->
            <display>true</display>
            <!--显示顺序-->
            <sort>6</sort>
        </action>
        <action>
            <!--读取对象属性-->
            <id>GetNormal</id>
            <!--指令名称-->
            <name>读取对象属性</name>
            <!--指令类型【System、Device】-->
            <type>Device</type>
            <!--指令域【Static、Instance】-->
            <domain>Instance</domain>
            <!--指令级别【Major、Normal】-->
            <severity>Normal</severity>
            <!--分组【MgrOper(管理操作)、UplinkDataDevice(设备数据上报)、UplinkDataNetwork(网络数据上报)、UplinkDataBusiness(业务数据上报)、UplinkEvent(事件上报)、DownlinkCommand(指令下发)、DownlinkCommandRsp(指令下发响应)】-->
            <group>DownlinkCommand</group>
            <!--是否在页面显示-->
            <display>true</display>
            <!--显示顺序-->
            <sort>7</sort>
        </action>
        <action>
            <!--读取MD5值-->
            <id>GetMD5</id>
            <!--指令名称-->
            <name>读取MD5值</name>
            <!--指令类型【System、Device】-->
            <type>Device</type>
            <!--指令域【Static、Instance】-->
            <domain>Instance</domain>
            <!--指令级别【Major、Normal】-->
            <severity>Normal</severity>
            <!--分组【MgrOper(管理操作)、UplinkDataDevice(设备数据上报)、UplinkDataNetwork(网络数据上报)、UplinkDataBusiness(业务数据上报)、UplinkEvent(事件上报)、DownlinkCommand(指令下发)、DownlinkCommandRsp(指令下发响应)】-->
            <group>DownlinkCommand</group>
            <!--是否在页面显示-->
            <display>true</display>
            <!--显示顺序-->
            <sort>8</sort>
        </action>
        <action>
            <!--代理设置-->
            <id>ProxySetNormal</id>
            <!--指令名称-->
            <name>代理设置</name>
            <!--指令类型【System、Device】-->
            <type>Device</type>
            <!--指令域【Static、Instance】-->
            <domain>Instance</domain>
            <!--指令级别【Major、Normal】-->
            <severity>Normal</severity>
            <!--分组【MgrOper(管理操作)、UplinkDataDevice(设备数据上报)、UplinkDataNetwork(网络数据上报)、UplinkDataBusiness(业务数据上报)、UplinkEvent(事件上报)、DownlinkCommand(指令下发)、DownlinkCommandRsp(指令下发响应)】-->
            <group>DownlinkCommand</group>
            <!--是否在页面显示-->
            <display>true</display>
            <!--显示顺序-->
            <sort>9</sort>
        </action>
        <action>
            <!--代理操作-->
            <id>ProxyActionNormal</id>
            <!--指令名称-->
            <name>代理操作</name>
            <!--指令类型【System、Device】-->
            <type>Device</type>
            <!--指令域【Static、Instance】-->
            <domain>Instance</domain>
            <!--指令级别【Major、Normal】-->
            <severity>Normal</severity>
            <!--分组【MgrOper(管理操作)、UplinkDataDevice(设备数据上报)、UplinkDataNetwork(网络数据上报)、UplinkDataBusiness(业务数据上报)、UplinkEvent(事件上报)、DownlinkCommand(指令下发)、DownlinkCommandRsp(指令下发响应)】-->
            <group>DownlinkCommand</group>
            <!--是否在页面显示-->
            <display>true</display>
            <!--显示顺序-->
            <sort>10</sort>
        </action>
    </actions>
    <attrs>
        <attr>
            <id>instanceid</id>
            <name>设备ID</name>
            <type>long</type>
            <is_primary>true</is_primary>
            <support_action>
                <![CDATA[
	    Query,Get,Delete,Export
      ]]>
            </support_action>
        </attr>
        <attr>
            <id>nativeid</id>
            <name>设备原始ID</name>
            <type>string</type>
            <support_action>
                <![CDATA[
	    Query,Get,Delete,Update,Import,Export,Add
      ]]>
            </support_action>
        </attr>
        <attr>
            <id>TerminalAddress</id>
            <name>终端地址</name>
            <is_search_condition>true</is_search_condition>
            <type>int</type>
            <support_action>
                <![CDATA[
	    Query,Get,Delete,Update,Import,Export,Add
      ]]>
            </support_action>
        </attr>
        <attr>
            <id>AssetNumber</id>
            <name>资产编号</name>
            <type>string</type>
            <is_search_condition>true</is_search_condition>
            <support_action>
                <![CDATA[
	    Query,Get,Delete,Update,Import,Export,Add
      ]]>
            </support_action>
        </attr>
        <attr>
            <id>DeviceDescriptor</id>
            <name>设备描述符</name>
            <type>string</type>
            <support_action>
                <![CDATA[
	    Query,Get,Delete,Update,Import,Export,Add
      ]]>
            </support_action>
        </attr>
        <attr>
            <id>VersionInformation</id>
            <name>版本信息</name>
            <type>string</type>
            <support_action>
                <![CDATA[
	    Query,Get,Delete,Update,Import,Export,Add
      ]]>
            </support_action>
        </attr>
        <attr>
            <id>ProductionDate</id>
            <name>生产日期</name>
            <type>int</type>
            <support_action>
                <![CDATA[
	    Query,Get,Delete,Update,Import,Export,Add
      ]]>
            </support_action>
        </attr>
        <attr>
            <id>SerialNumber</id>
            <name>出厂编号</name>
            <type>string</type>
            <support_action>
                <![CDATA[
	    Query,Get,Delete,Update,Import,Export,Add
      ]]>
            </support_action>
        </attr>
        <attr>
            <id>TerminalModel</id>
            <name>终端型号</name>
            <type>string</type>
            <is_search_condition>true</is_search_condition>
            <support_action>
                <![CDATA[
	    Query,Get,Delete,Update,Import,Export,Add
      ]]>
            </support_action>
        </attr>
        <attr>
            <id>TerminalType</id>
            <name>终端类型</name>
            <type>string</type>
            <support_action>
                <![CDATA[
	    Query,Get,Delete,Update,Import,Export,Add
      ]]>
            </support_action>
        </attr>
        <attr>
            <id>WirelessPublicNetworkSIMCardNumber</id>
            <name>无线公网SIM卡号码</name>
            <type>string</type>
            <support_action>
                <![CDATA[
	    Query,Get,Delete,Update,Import,Export,Add
      ]]>
            </support_action>
        </attr>
        <attr>
            <id>WirelessPublicNetworkDial-upIP</id>
            <name>无线公网拨号IP</name>
            <type>string</type>
            <support_action>
                <![CDATA[
	    Query,Get,Delete,Update,Import,Export,Add
      ]]>
            </support_action>
        </attr>
        <attr>
            <id>WirelessPrivateNetworkSIMCardNumber</id>
            <name>无线专网SIM卡号码</name>
            <type>string</type>
            <support_action>
                <![CDATA[
	    Query,Get,Delete,Update,Import,Export,Add
      ]]>
            </support_action>
        </attr>
        <attr>
            <id>WirelessPrivateNetworkDial-upIP</id>
            <name>无线专网拨号IP</name>
            <type>string</type>
            <support_action>
                <![CDATA[
	    Query,Get,Delete,Update,Import,Export,Add
      ]]>
            </support_action>
        </attr>
        <attr>
            <id>AllowFollow-up</id>
            <name>允许跟随上报</name>
            <type>short</type>
            <support_action>
                <![CDATA[
	    Query,Get,Delete,Update,Import,Export,Add
      ]]>
            </support_action>
        </attr>
        <attr>
            <id>AllowActiveReporting</id>
            <name>允许主动上报</name>
            <type>short</type>
            <support_action>
                <![CDATA[
	    Query,Get,Delete,Update,Import,Export,Add
      ]]>
            </support_action>
        </attr>
        <attr>
            <id>AllowToTalkToThePrimaryStation</id>
            <name>允许与主站通话</name>
            <type>short</type>
            <support_action>
                <![CDATA[
	    Query,Get,Delete,Update,Import,Export,Add
      ]]>
            </support_action>
        </attr>
        <attr>
            <id>ESAMSerialNumber</id>
            <name>ESAM序号</name>
            <type>string</type>
            <support_action>
                <![CDATA[
	    Query,Get,Delete,Update,Import,Export,Add
      ]]>
            </support_action>
        </attr>
        <attr>
            <id>ESAMVersionNumber</id>
            <name>ESAM版本号</name>
            <type>string</type>
            <support_action>
                <![CDATA[
	    Query,Get,Delete,Update,Import,Export,Add
      ]]>
            </support_action>
        </attr>
        <attr>
            <id>ESAMSymmetricKeyVersion</id>
            <name>ESAM对称秘钥版本</name>
            <type>string</type>
            <support_action>
                <![CDATA[
	    Query,Get,Delete,Update,Import,Export,Add
      ]]>
            </support_action>
        </attr>
        <attr>
            <id>SessionAgeThreshold</id>
            <name>会话时效门限</name>
            <type>int</type>
            <support_action>
                <![CDATA[
	    Query,Get,Delete,Update,Import,Export,Add
      ]]>
            </support_action>
        </attr>
        <attr>
            <id>SessionAgingTimeRemaining</id>
            <name>会话时效剩余时间</name>
            <type>int</type>
            <support_action>
                <![CDATA[
	    Query,Get,Delete,Update,Import,Export,Add
      ]]>
            </support_action>
        </attr>
        <attr>
            <id>CertificateVersion</id>
            <name>证书版本</name>
            <type>string</type>
            <support_action>
                <![CDATA[
	    Query,Get,Delete,Update,Import,Export,Add
      ]]>
            </support_action>
        </attr>
        <attr>
            <id>TerminalCertificateSerialNumber</id>
            <name>终端证书序列号</name>
            <type>string</type>
            <support_action>
                <![CDATA[
	    Query,Get,Delete,Update,Import,Export,Add
      ]]>
            </support_action>
        </attr>
        <attr>
            <id>TerminalCertificate</id>
            <name>终端证书</name>
            <type>string</type>
            <support_action>
                <![CDATA[
	    Query,Get,Delete,Update,Import,Export,Add
      ]]>
            </support_action>
        </attr>
        <attr>
            <id>MasterStationSerialNumber</id>
            <name>主站证书序列号</name>
            <type>string</type>
            <support_action>
                <![CDATA[
	    Query,Get,Delete,Update,Import,Export,Add
      ]]>
            </support_action>
        </attr>
        <attr>
            <id>MasterCertificate</id>
            <name>主站证书</name>
            <type>string</type>
            <support_action>
                <![CDATA[
	    Query,Get,Delete,Update,Import,Export,Add
      ]]>
            </support_action>
        </attr>
        <attr>
            <id>lt</id>
            <name>更新时间</name>
            <type>int</type>
            <support_action>
                <![CDATA[
	    Query,Get
      ]]>
            </support_action>

        </attr>
    </attrs>
</ci>
