<?xml version="1.0" encoding="UTF-8"?>
<!--资源实时状态-->
<ci>
	<!--对象-->
	<id>Status</id>
	<!--对象名称-->
	<name>实时状态</name>
	<!--描述-->
	<description>${META.DM.Status.DESC}</description>
	<!--对象类型【R(资源表),B(业务表)】-->
	<type>B</type>
	<!--指令集合-->
	<actions>
		<action>
			<!--指令ID-->
			<id>Query</id>
			<!--指令名称-->
			<name>查询</name>
			<!--指令类型【System、Device】-->
			<type>System</type>
			<!--指令域【Static、Instance】-->
			<domain>Static</domain>
			<!--指令级别【Major、Normal】-->
			<severity>Normal</severity>
		</action>
	</actions>
	<attrs>
		<attr>
			<id>instanceid</id>
			<name>ID</name>
			<type>long</type>
            <is_primary>true</is_primary>
			<support_action>
				<![CDATA[
	    Register,Query
      ]]>
			</support_action>
		</attr>
		<attr>
			<id>metric</id>
			<name>指标</name>
			<type>string</type>
            <is_primary>true</is_primary>
			<support_action>
				<![CDATA[
	    Register,Query
      ]]>
			</support_action>
		</attr>
		<attr>
			<id>metric_name</id>
			<name>指标名称</name>
			<type>string</type>
			<support_action>
				<![CDATA[
	    Register,Query
      ]]>
			</support_action>
		</attr>
		<attr>
			<id>rs</id>
			<name>上报时间</name>
			<type>int</type>
			<support_action>
				<![CDATA[
	    Register,Query
      ]]>
			</support_action>
		</attr>
		<attr>
			<id>value</id>
			<name>指标值</name>
			<type>float</type>
			<support_action>
				<![CDATA[
	    Register,Query
      ]]>
			</support_action>
		</attr>


	</attrs>
</ci>