<?xml version="1.0" encoding="UTF-8"?>
<!--OM能力-->
<ci>
    <!--对象-->
    <id>OmCapability</id>
    <!--对象名称-->
    <name>Om能力</name>
    <!--描述-->
    <description>${META.DM.OmCapability.DESC}</description>
    <!--对象类型【R(资源表),B(业务表)】-->
    <type>B</type>
    <!--指令集合-->
    <actions>
        <action>
            <!--指令ID-->
            <id>Query</id>
            <!--指令名称-->
            <name>查询</name>
            <!--指令类型【System、Device】-->
            <type>System</type>
            <!--指令域【Static、Instance】-->
            <domain>Static</domain>
            <!--指令级别【Major、Normal】-->
            <severity>Normal</severity>
        </action>
    </actions>
    <attrs>
        <attr>
            <id>ns</id>
            <name>产品域</name>
            <type>string</type>
			<is_primary>true</is_primary>
            <support_action>
                <![CDATA[
	    Query,Search
      ]]>
            </support_action>
        </attr>
        <attr>
            <id>type</id>
            <name>资源类型</name>
            <type>string</type>
            <support_action>
                <![CDATA[
	    Query
      ]]>
            </support_action>
        </attr>
        <attr>
            <id>om</id>
            <name>om能力</name>
            <type>string</type>
            <support_action>
                <![CDATA[
	    Query
      ]]>
            </support_action>
        </attr>
        <attr>
            <id>desc</id>
            <name>描述</name>
            <type>string</type>
            <support_action>
                <![CDATA[
	    Query
      ]]>
            </support_action>
        </attr>
        <attr>
            <id>lt</id>
            <name>更新时间</name>
            <type>int</type>
        </attr>
    </attrs>
</ci>