<?xml version="1.0" encoding="UTF-8"?>
<ci>
  <!--资源实例-->
  <id>Instance</id>
  <!--对象名称-->
  <name>资源实例</name>
  <!--描述-->
  <description>${META.DM.Instance.DESC}</description>
  <!--对象类型【R(资源表),B(业务表)】-->
  <type>R</type>
  <cache>True</cache>
  <!--指令集合-->
  <actions>
	  <action>
		  <!--指令ID-->
		  <id>Query</id>
		  <!--指令名称-->
		  <name>查询</name>
		  <!--指令类型【System、Device】-->
		  <type>System</type>
		  <!--指令域【Static、Instance】-->
		  <domain>Static</domain>
		  <!--指令级别【Major、Normal】-->
		  <severity>Normal</severity>
	  </action>
	  <action>
		  <!--指令ID-->
		  <id>Add</id>
		  <!--指令名称-->
		  <name>添加</name>
		  <!--指令类型【System、Device】-->
		  <type>System</type>
		  <!--指令域【Static、Instance】-->
		  <domain>Static</domain>
		  <!--指令级别【Major、Normal】-->
		  <severity>Normal</severity>
	  </action>
	  <action>
		  <!--指令ID-->
		  <id>Update</id>
		  <!--指令名称-->
		  <name>编辑</name>
		  <!--指令类型【System、Device】-->
		  <type>System</type>
		  <!--指令域【Static、Instance】-->
		  <domain>Static</domain>
		  <!--指令级别【Major、Normal】-->
		  <severity>Normal</severity>
	  </action>
	  <action>
		  <!--指令ID-->
		  <id>Delete</id>
		  <!--指令名称-->
		  <name>删除</name>
		  <!--指令类型【System、Device】-->
		  <type>System</type>
		  <!--指令域【Static、Instance】-->
		  <domain>Static</domain>
		  <!--指令级别【Major、Normal】-->
		  <severity>Normal</severity>
	  </action>
	  <action>
		  <!--指令ID-->
		  <id>Get</id>
		  <!--指令名称-->
		  <name>详情</name>
		  <!--指令类型【System、Device】-->
		  <type>System</type>
		  <!--指令域【Static、Instance】-->
		  <domain>Instance</domain>
		  <!--指令级别【Major、Normal】-->
		  <severity>Normal</severity>
	  </action>
	  <action>
		  <!--配置-->
		  <id>Config</id>
		  <!--指令名称-->
		  <name>配置</name>
		  <!--指令类型【System、Device】-->
		  <type>Device</type>
		  <!--指令域【Static、Instance】-->
		  <domain>Instance</domain>
		  <!--指令级别【Major、Normal】-->
		  <severity>Major</severity>
		  <condition>
			  <![CDATA[
	    {"type":["WattMeter"]}
      ]]>
		  </condition>
		  <!--关联的模板ID-->
		  <templateid>meta_dgw_downlink_configPublish</templateid>
	  </action>
  </actions>
  <attrs>
    <attr>
	  <id>tenent</id>
      <name>租户域</name>
	  <type>string</type>
      <support_action>
	  <![CDATA[
	    Get
      ]]>
	  </support_action>
	</attr>
	  <attr>
		  <id>type</id>
		  <name>资源类型</name>
		  <type>string</type>
		  <is_index>true</is_index>
		  <support_action>
			  <![CDATA[
	    Query,Add,Update,Get
      ]]>
		  </support_action>
	  </attr>
	  <attr>
		  <id>vendor</id>
		  <name>设备厂商</name>
		  <type>string</type>
		  <support_action>
			  <![CDATA[
	    Query,Add,Update,Get
      ]]>
		  </support_action>
	  </attr>
	  <attr>
		  <id>protocol</id>
		  <name>设备接入协议</name>
		  <type>string</type>
		  <support_action>
			  <![CDATA[
	    Query,Add,Update,Get
      ]]>
		  </support_action>
	  </attr>
	  <attr>
		  <id>protocol_version</id>
		  <name>接入协议版本号</name>
		  <type>string</type>
		  <support_action>
			  <![CDATA[
	    Query,Add,Update,Get
      ]]>
		  </support_action>
	  </attr>
	  <attr>
		  <id>instanceid</id>
		  <name>资源ID</name>
		  <type>long</type>
          <is_primary>true</is_primary>
		  <support_action>
			  <![CDATA[
	    Query,Add,Update,Get,Delete
      ]]>
		  </support_action>
	  </attr>
	  <attr>
		  <id>name</id>
		  <name>资源名称</name>
		  <type>string</type>
		  <support_action>
			  <![CDATA[
	    Query,Add,Update,Get
      ]]>
		  </support_action>
	  </attr>
	  <attr>
		  <id>nativeid</id>
		  <name>imei号</name>
		  <type>string</type>
		  <is_index>true</is_index>
		  <support_action>
			  <![CDATA[
	    Query,Add,Update,Get
      ]]>
		  </support_action>
	  </attr>
	  <attr>
		  <id>location_instanceid</id>
		  <name>定位</name>
		  <type>long</type>
		  <support_action>
			  <![CDATA[
	    Query,Add,Update,Get
      ]]>
		  </support_action>
	  </attr>
	  <attr>
		  <id>rt</id>
		  <name>注册时间</name>
		  <type>int</type>
		  <support_action>
			  <![CDATA[
	    Query,Add,Update,Get
      ]]>
		  </support_action>
	  </attr>
	  <attr>
		  <id>at</id>
		  <name>激活时间</name>
		  <type>int</type>
		  <support_action>
			  <![CDATA[
	    Query,Get
      ]]>
		  </support_action>
	  </attr>
	  <attr>
		  <id>lt</id>
		  <name>最后连接时间</name>
		  <type>int</type>
		  <support_action>
			  <![CDATA[
	    Query,Get
      ]]>
		  </support_action>
	  </attr>
	  <attr>
		  <id>status</id>
		  <name>在线状态</name>
		  <type>string</type>
		  <is_index>true</is_index>
		  <support_action>
			  <![CDATA[
	    Query,Get
      ]]>
		  </support_action>
	  </attr>
	  <attr>
		  <id>net_mode</id>
		  <name>网络模式</name>
		  <type>string</type>
		  <support_action>
			  <![CDATA[
	    Query,Get
      ]]>
		  </support_action>
	  </attr>
	  <attr>
		  <id>plmn_instanceid</id>
		  <name>网络PLMN</name>
		  <type>long</type>
		  <support_action>
			  <![CDATA[
	    Query,Get
      ]]>
		  </support_action>
	  </attr>
  </attrs>
</ci>