<?xml version="1.0" encoding="UTF-8"?>
<!--资源分组对象-->
<ci>
    <!--对象-->
    <id>Tag</id>
    <!--对象名称-->
    <name>资源分组</name>
    <!--描述-->
    <description>${META.DM.Tag.DESC}</description>
    <!--对象类型【R(资源表),B(业务表)】-->
    <type>B</type>
    <!--指令集合-->
    <actions>
        <action>
            <!--指令ID-->
            <id>Query</id>
            <!--指令名称-->
            <name>查询</name>
            <!--指令类型【System、Device】-->
            <type>System</type>
            <!--指令域【Static、Instance】-->
            <domain>Static</domain>
            <!--指令级别【Major、Normal】-->
            <severity>Normal</severity>
        </action>
        <action>
            <!--指令ID-->
            <id>Search</id>
            <!--指令名称-->
            <name>获取分组数据</name>
            <!--指令类型【System、Device】-->
            <type>System</type>
            <!--指令域【Static、Instance】-->
            <domain>Instance</domain>
            <!--指令级别【Major、Normal】-->
            <severity>Normal</severity>
        </action>
    </actions>
    <attrs>
        <attr>
            <id>tagid</id>
            <name>分组ID</name>
            <type>string</type>
			<is_primary>true</is_primary>
            <support_action>
                <![CDATA[
	    Query,Search
      ]]>
            </support_action>
        </attr>
        <attr>
            <id>name</id>
            <name>分组名称</name>
            <type>string</type>
            <support_action>
                <![CDATA[
	    Query
      ]]>
            </support_action>
        </attr>
        <attr>
            <id>el</id>
            <name>数据源</name>
            <type>text</type>
        </attr>
        <attr>
            <id>dl</id>
            <name>查询参数</name>
            <type>string</type>
            <support_action>
                <![CDATA[
	    Query
      ]]>
            </support_action>
        </attr>
        <attr>
            <id>lt</id>
            <name>更新时间</name>
            <type>int</type>
        </attr>
    </attrs>
</ci>