<?xml version="1.0" encoding="UTF-8"?>
<Category>
    <!--服务ID-->
    <ID>manager</ID>
    <!--服务缩写-->
    <Sign>mng</Sign>
    <!--服务名称-->
    <Name>系统管理</Name>
    <!--服务描述-->
    <Desc>
        <![CDATA[
	系统全局性配置管理，其包含模型包管理、国际化管理、Dashboard管理、审计日志管理、转储配置管理
    ]]>
    </Desc>
    <!--服务提供商-->
    <Vendor>Neoway</Vendor>
    <!--服务提供商名称-->
    <VendorName>深圳市有方科技</VendorName>
    <!--租户命名空间-->
    <Namespace>default</Namespace>
    <!--默认国际化语言-->
    <Language>zh_CN</Language>
    <!--内部应用or 外部应用-->
    <type>Inner</type>
</Category>