<?xml version="1.0" encoding="UTF-8"?>
<!--转储配置-->
<ci>
    <!--位置信息-->
    <id>DumpConfig</id>
    <!--对象名称-->
    <name>转储配置</name>
    <!--国际化词条-->
    <i18n_key>ies.manager.DumpConfig.metaCI</i18n_key>
    <!--描述-->
    <description>${ioc.manager.DumpConfig.desc}</description>
    <!--对象类型【R(资源表),B(业务表)】-->
    <type>B</type>
    <!--指令集合-->
    <actions>
        <action>
            <!--指令ID-->
            <id>Get</id>
            <!--指令名称-->
            <name>查询</name>
            <!--指令类型【System、Device】-->
            <type>System</type>
            <!--指令域【Static、Instance】-->
            <domain>Static</domain>
            <!--指令级别【Major、Normal】-->
            <severity>Normal</severity>
        </action>
        <action>
            <!--指令ID-->
            <id>Write</id>
            <!--指令名称-->
            <name>设置</name>
            <!--指令类型【System、Device】-->
            <type>System</type>
            <!--指令域【Static、Instance】-->
            <domain>Static</domain>
            <!--指令级别【Major、Normal】-->
            <severity>Normal</severity>
        </action>

    </actions>
    <attrs>
        <attr>
            <id>ns</id>
            <name>产品域</name>
            <i18n_key>ies.manager.DumpConfig.attr.ns</i18n_key>
            <type>string</type>
            <is_primary>true</is_primary>
            <support_action>
                <![CDATA[
	    Get,Write
      ]]>
            </support_action>
        </attr>
        <attr>
            <id>category</id>
            <name>模块</name>
            <i18n_key>ies.manager.DumpConfig.attr.category</i18n_key>
            <type>string</type>
            <is_primary>true</is_primary>
            <support_action>
                <![CDATA[
	    Get,Write
      ]]>
            </support_action>
        </attr>
        <attr>
            <id>ci</id>
            <name>对象</name>
            <i18n_key>ies.manager.DumpConfig.attr.ci</i18n_key>
            <type>string</type>
            <is_primary>true</is_primary>
            <support_action>
                <![CDATA[
	    Get,Write
      ]]>
            </support_action>
        </attr>
        <attr>
            <id>ttl</id>
            <name>保存时长</name>
            <i18n_key>ies.manager.DumpConfig.attr.ttl</i18n_key>
            <type>int</type>
            <support_action>
                <![CDATA[
	    Get,Write
      ]]>
            </support_action>
        </attr>
        <attr>
            <id>type</id>
            <name>转储文件格式</name>
            <i18n_key>ies.manager.DumpConfig.attr.type</i18n_key>
            <type>string</type>
            <support_action>
                <![CDATA[
	    Get,Write
      ]]>
            </support_action>
        </attr>
        <attr>
            <id>lt</id>
            <name>更新时间</name>
            <i18n_key>ies.manager.DumpConfig.attr.lt</i18n_key>
            <type>int</type>
            <support_action>
                <![CDATA[
	    Get,Write
      ]]>
            </support_action>

        </attr>
    </attrs>
</ci>