<?xml version="1.0" encoding="UTF-8" ?>
<!DOCTYPE mapper PUBLIC "-//mybatis.org//DTD Mapper 3.0//EN" "http://mybatis.org/dtd/mybatis-3-mapper.dtd" >
<mapper namespace="com.neoway.iot.module.pmm.mapper.PmmMapper" >

    <select id="queryMetas" resultType="com.neoway.iot.module.pmm.domain.PmMetaMetric">
        SELECT
            meta.code,
            meta.ns,
            meta.ci,
            meta.metric,
            meta.metric_name metricName,
            meta.group `group`,
            meta.group_name groupName,
            meta.type `type`,
            meta.unit unit,
            meta.desc `desc`
        FROM PM_META_METRIC meta
        WHERE 1=1
        <if test="metaMetric.ns != null and metaMetric.ns != ''">
            AND meta.ns= #{metaMetric.ns}
        </if>
        <if test="metaMetric.ci != null and metaMetric.ci != ''">
            AND meta.ci= #{metaMetric.ci}
        </if>
        LIMIT #{start},#{limit}
    </select>
    <select id="getMeta" resultType="com.neoway.iot.module.pmm.domain.PmMetaMetric">
        SELECT
        meta.code,
        meta.ns,
        meta.ci,
        meta.metric,
        meta.metric_name metricName,
        meta.group `group`,
        meta.group_name groupName,
        meta.type `type`,
        meta.unit unit,
        meta.desc `desc`
        FROM PM_META_METRIC meta
        WHERE 1=1
        AND meta.code= #{code}
    </select>
    <select id="getMetaRule" resultType="com.neoway.iot.module.pmm.domain.PmMetaRule">
        SELECT
        rule.code,
        rule.o_period oPeriod,
        rule.o_threahold oThreahold,
        rule.o_action oAction,
        rule.c_period cPeriod,
        rule.c_threahold cThreahold,
        rule.c_action cAction
        FROM PM_META_METRICRULE rule
        WHERE 1=1
        AND rule.code= #{code}
    </select>
    <insert id="writeMetaRule" parameterType="com.neoway.iot.module.pmm.domain.PmMetaRule">
        REPLACE INTO PM_META_METRICRULE
        (
            code,
            o_period,
            o_threahold,
            o_action,
            c_period,
            c_threahold,
            c_action
        )
        VALUES
        (
            #{metaRule.code},
            #{metaRule.oPeriod},
            #{metaRule.oThreahold},
            #{metaRule.oAction},
            #{metaRule.cPeriod},
            #{metaRule.cThreahold},
            #{metaRule.cAction}
        )
    </insert>
    <delete id="deleteMetaRule">
        DELETE FROM PM_META_METRICRULE WHERE CODE=#{code}
    </delete>
    <select id="getTsdCount" resultType="Integer">
        SELECT count(1)
        FROM ${tableName}
        WHERE 1=1
        AND instanceid= #{instanceid}
        AND ts BETWEEN #{st} and #{et}
    </select>
</mapper>