<?xml version="1.0" encoding="UTF-8" ?>
<configuration scan="true" scanPeriod="60 seconds">
    <property name="log.path" value="D:/gitme/simulator-test"/>
    <property name="log.name" value="iot-ares-simulator"/>

    <!-- 彩色日志依赖的渲染类 -->
    <conversionRule conversionWord="clr" converterClass="org.springframework.boot.logging.logback.ColorConverter"/>
    <conversionRule conversionWord="wex"
                    converterClass="org.springframework.boot.logging.logback.WhitespaceThrowableProxyConverter"/>
    <conversionRule conversionWord="wEx"
                    converterClass="org.springframework.boot.logging.logback.ExtendedWhitespaceThrowableProxyConverter"/>
    <!-- 彩色日志格式 -->
    <property name="CONSOLE_LOG_PATTERN"
              value="${CONSOLE_LOG_PATTERN:-%clr(%d{yyyy-MM-dd HH:mm:ss.SSS}){faint} %clr(${LOG_LEVEL_PATTERN:-%5p}) %clr(${PID:- }){magenta} %clr(---){faint} %clr([%15.15t]){faint} %clr(%-40.40logger{39}){cyan} %clr(:){faint} %m%n${LOG_EXCEPTION_CONVERSION_WORD:-%wEx}}"/>

    <appender name="consoleLog" class="ch.qos.logback.core.ConsoleAppender">
        <encoder>
            <pattern>${CONSOLE_LOG_PATTERN}</pattern>
            <charset>UTF-8</charset>
        </encoder>
    </appender>

    <!--根据日志级别分离日志，分别输出到不同的文件-->
    <appender name="fileInfoLog" class="ch.qos.logback.core.rolling.RollingFileAppender">
        <filter class="ch.qos.logback.classic.filter.LevelFilter">
            <level>ERROR</level>
            <onMatch>DENY</onMatch>
            <onMismatch>ACCEPT</onMismatch>
        </filter>
        <encoder>
            <pattern>
                %d{yyyy-MM-dd HH:mm:ss.SSS} %contextName [%thread] %-5level %logger{36} - %msg%n
            </pattern>
        </encoder>
        <!--滚动策略-->
        <rollingPolicy class="ch.qos.logback.core.rolling.TimeBasedRollingPolicy">
            <fileNamePattern>${log.path}/${log.name}.%d{yyyy-MM-dd}.log</fileNamePattern>
            <maxHistory>30</maxHistory>
        </rollingPolicy>
    </appender>

    <appender name="fileErrorLog" class="ch.qos.logback.core.rolling.RollingFileAppender">
        <file>${log.path}/${log.name}.error.log</file>
        <filter class="ch.qos.logback.classic.filter.ThresholdFilter">
            <level>ERROR</level>
        </filter>
        <encoder>
            <pattern>
                %d{yyyy-MM-dd HH:mm:ss.SSS} %contextName [%thread] %-5level %logger{36} - %msg%n
            </pattern>
        </encoder>
        <!--滚动策略-->
        <rollingPolicy class="ch.qos.logback.core.rolling.FixedWindowRollingPolicy">
            <!--路径，文件大小超过50MB则自动拆分，以1-9的顺序创建新的日志文件-->
            <fileNamePattern>${log.path}/${log.name}.error.%i.log</fileNamePattern>
            <minIndex>1</minIndex>
            <maxIndex>9</maxIndex>
        </rollingPolicy>
        <triggeringPolicy class="ch.qos.logback.core.rolling.SizeBasedTriggeringPolicy">
            <maxFileSize>50MB</maxFileSize>
        </triggeringPolicy>
    </appender>
    <root level="info">
        <appender-ref ref="consoleLog" />
        <appender-ref ref="fileInfoLog" />
        <appender-ref ref="fileErrorLog" />
    </root>
</configuration>