<?xml version="1.0" encoding="UTF-8"?>
<!--周期报表任务-->
<ci>
    <!--周期报表任务-->
    <id>ReportTask</id>
    <!--对象名称-->
    <name>周期报表任务</name>
    <!--国际化词条-->
    <i18n_key>ies.ubi.ReportTask.metaCI</i18n_key>
    <!--描述-->
    <description>${ioc.ubi.ReportTask.desc}</description>
    <!--对象类型【R(资源表),B(业务表)】-->
    <type>B</type>
    <!--指令集合-->
    <actions>
        <action>
            <!--指令ID-->
            <id>Query</id>
            <!--指令名称-->
            <name>查询</name>
            <!--指令类型【System、Device】-->
            <type>System</type>
            <!--指令域【Static、Instance】-->
            <domain>Static</domain>
            <!--指令级别【Major、Normal】-->
            <severity>Normal</severity>
        </action>
    </actions>
    <attrs>
	<attr>
            <id>id</id>
            <name>任务id</name>
            <i18n_key>ies.ubi.ReportTask.attr.id</i18n_key>
            <type>string</type>
            <is_primary>true</is_primary>
            <support_action>
                <![CDATA[
	    Query
      ]]>
            </support_action>
        </attr>
		<attr>
            <id>strategy_id</id>
            <name>策略id</name>
            <i18n_key>ies.ubi.ReportTask.attr.strategy_id</i18n_key>
            <type>long</type>
            <support_action>
                <![CDATA[
	    Query
      ]]>
            </support_action>
        </attr>
        <attr>
            <id>viewid</id>
            <name>视图ID</name>
            <i18n_key>ies.ubi.ReportTask.attr.viewid</i18n_key>
            <type>string</type>
            <support_action>
                <![CDATA[
	    Query
      ]]>
            </support_action>
        </attr>
        <attr>
            <id>view_name</id>
            <name>视图名称</name>
            <i18n_key>ies.ubi.ReportTask.attr.view_name</i18n_key>
            <type>string</type>
            <support_action>
                <![CDATA[
	    Query
      ]]>
            </support_action>
        </attr>
        <attr>
            <id>nodeid</id>
            <name>执行节点</name>
            <i18n_key>ies.ubi.ReportTask.attr.nodeid</i18n_key>
            <type>long</type>
            <support_action>
                <![CDATA[
	    Query
      ]]>
            </support_action>
        </attr>
        <attr>
            <id>dcost</id>
            <name>数据统计耗时时间</name>
            <i18n_key>ies.ubi.ReportTask.attr.dcost</i18n_key>
            <type>int</type>
            <support_action>
                <![CDATA[
	    Query
      ]]>
            </support_action>
        </attr>
        <attr>
            <id>dstatus</id>
            <name>数据统计状态</name>
            <i18n_key>ies.ubi.ReportTask.attr.dstatus</i18n_key>
            <type>int</type>
            <support_action>
                <![CDATA[
	    Query
      ]]>
            </support_action>
        </attr>
        <attr>
            <id>gcost</id>
            <name>报表生成耗时时间</name>
            <i18n_key>ies.ubi.ReportTask.attr.gcost</i18n_key>
            <type>int</type>
            <support_action>
                <![CDATA[
	    Query
      ]]>
            </support_action>
        </attr>
        <attr>
            <id>gstatus</id>
            <name>报表生成状态</name>
            <i18n_key>ies.ubi.ReportTask.attr.gstatus</i18n_key>
            <type>int</type>
            <support_action>
                <![CDATA[
	    Query
      ]]>
            </support_action>
        </attr>
        <attr>
            <id>scost</id>
            <name>报表通知耗时时间</name>
            <i18n_key>ies.ubi.ReportTask.attr.scost</i18n_key>
            <type>int</type>
            <support_action>
                <![CDATA[
	    Query
      ]]>
            </support_action>
        </attr>
        <attr>
            <id>sstatus</id>
            <name>报表通知状态</name>
            <i18n_key>ies.ubi.ReportTask.attr.sstatus</i18n_key>
            <type>int</type>
            <support_action>
                <![CDATA[
	    Query
      ]]>
            </support_action>
        </attr>
        <attr>
            <id>st</id>
            <name>任务计划时间</name>
            <i18n_key>ies.ubi.ReportTask.attr.st</i18n_key>
            <type>int</type>
            <support_action>
                <![CDATA[
	    Query
      ]]>
            </support_action>
        </attr>
        <attr>
            <id>lt</id>
            <name>更新时间</name>
            <i18n_key>ies.ubi.ReportTask.attr.lt</i18n_key>
            <type>int</type>
            <support_action>
                <![CDATA[
	    Register,Query
      ]]>
            </support_action>

        </attr>
    </attrs>
</ci>