<?xml version="1.0" encoding="UTF-8"?>
<!--报表视图实例-->
<ci>
    <!--报表视图对象-->
    <id>ViewInstance</id>
    <!--对象名称-->
    <name>报表视图实例</name>
    <!--国际化词条-->
    <i18n_key>ies.ubi.ViewInstance.metaCI</i18n_key>
    <!--描述-->
    <description>${ioc.ubi.ViewInstance.desc}</description>
    <!--对象类型【R(资源表),B(业务表)】-->
    <type>B</type>
    <!--指令集合-->
    <actions>
        <action>
            <!--指令ID-->
            <id>Query</id>
            <!--指令名称-->
            <name>查询</name>
            <!--指令类型【System、Device】-->
            <type>System</type>
            <!--指令域【Static、Instance】-->
            <domain>Static</domain>
            <!--指令级别【Major、Normal】-->
            <severity>Normal</severity>
        </action>

    </actions>
    <attrs>
	<attr>
            <id>task_id</id>
            <name>任务id</name>
            <i18n_key>ies.ubi.ViewInstance.attr.task_id</i18n_key>
            <type>long</type>
            <is_primary>true</is_primary>
            <support_action>
                <![CDATA[
	    Query
      ]]>
            </support_action>
        </attr>
        <attr>
            <id>viewid</id>
            <name>视图ID</name>
            <i18n_key>ies.ubi.ViewInstance.attr.viewid</i18n_key>
            <type>string</type>
            <support_action>
                <![CDATA[
	    Query
      ]]>
            </support_action>
        </attr>
        <attr>
            <id>name</id>
            <name>视图名称</name>
            <i18n_key>ies.ubi.ViewInstance.attr.name</i18n_key>
            <type>string</type>
            <support_action>
                <![CDATA[
	    Query
      ]]>
            </support_action>
        </attr>
        <attr>
            <id>type</id>
            <name>报表格式</name>
            <i18n_key>ies.ubi.ViewInstance.attr.type</i18n_key>
            <type>string</type>
            <support_action>
                <![CDATA[
	    Query
      ]]>
            </support_action>
        </attr>
        <attr>
            <id>data</id>
            <name>二进制数据</name>
            <i18n_key>ies.ubi.ViewInstance.attr.data</i18n_key>
            <type>mediumblob</type>
            <support_action>
                <![CDATA[
	    Query
      ]]>
            </support_action>
        </attr>
        <attr>
            <id>desc</id>
            <name>描述</name>
            <i18n_key>ies.ubi.ViewInstance.attr.desc</i18n_key>
            <type>text</type>
            <support_action>
                <![CDATA[
	    Query
      ]]>
            </support_action>
        </attr>
        <attr>
            <id>lt</id>
            <name>更新时间</name>
            <i18n_key>ies.ubi.ViewInstance.attr.lt</i18n_key>
            <type>int</type>
            <support_action>
                <![CDATA[
	    Query
      ]]>
            </support_action>
        </attr>
    </attrs>
</ci>