<?xml version="1.0" encoding="UTF-8"?>
<!--通知组用户-->
<ci>
    <!--通知组用户-->
    <id>NotifyUser</id>
    <!--对象名称-->
    <name>通知组用户</name>
    <!--描述-->
    <description>${ioc.manager.NotifyUser.desc}</description>
    <!--对象类型【R(资源表),B(业务表)】-->
    <type>B</type>
    <!--指令集合-->
    <actions>
        <action>
            <!--指令ID-->
            <id>Get</id>
            <!--指令名称-->
            <name>查询</name>
            <!--指令类型【System、Device】-->
            <type>System</type>
            <!--指令域【Static、Instance】-->
            <domain>Static</domain>
            <!--指令级别【Major、Normal】-->
            <severity>Normal</severity>
        </action>
        <action>
            <!--指令ID-->
            <id>Write</id>
            <!--指令名称-->
            <name>设置</name>
            <!--指令类型【System、Device】-->
            <type>System</type>
            <!--指令域【Static、Instance】-->
            <domain>Static</domain>
            <!--指令级别【Major、Normal】-->
            <severity>Normal</severity>
        </action>

    </actions>
    <attrs>
        <attr>
            <id>group_id</id>
            <name>通知组编码</name>
            <type>string</type>
            <is_primary>true</is_primary>
            <support_action>
                <![CDATA[
	    Get,Write
      ]]>
            </support_action>
        </attr>
        <attr>
            <id>name</id>
            <name>用户名称</name>
            <type>string</type>
            <is_primary>true</is_primary>
            <support_action>
                <![CDATA[
	    Get,Write
      ]]>
            </support_action>
        </attr>
        <attr>
            <id>phone</id>
            <name>用户手机号</name>
            <type>string</type>
            <support_action>
                <![CDATA[
	    Get,Write
      ]]>
            </support_action>
        </attr>
        <attr>
            <id>email</id>
            <name>用户邮箱</name>
            <type>string</type>
            <support_action>
                <![CDATA[
	    Get,Write
      ]]>
            </support_action>
        </attr>
        <attr>
            <id>lt</id>
            <name>更新时间</name>
            <type>int</type>
            <support_action>
                <![CDATA[
	    Get,Write
      ]]>
            </support_action>

        </attr>
    </attrs>
</ci>