<?xml version="1.0" encoding="UTF-8"?>
<!--邮件服务器-->
<ci>
    <!--邮件服务器-->
    <id>EmailServer</id>
    <!--对象名称-->
    <name>邮件服务器</name>
    <!--描述-->
    <description>${ioc.manager.EmailServer.desc}</description>
    <!--对象类型【R(资源表),B(业务表)】-->
    <type>B</type>
    <!--指令集合-->
    <actions>
        <action>
            <!--指令ID-->
            <id>Get</id>
            <!--指令名称-->
            <name>查询</name>
            <!--指令类型【System、Device】-->
            <type>System</type>
            <!--指令域【Static、Instance】-->
            <domain>Static</domain>
            <!--指令级别【Major、Normal】-->
            <severity>Normal</severity>
        </action>
        <action>
            <!--指令ID-->
            <id>Write</id>
            <!--指令名称-->
            <name>设置</name>
            <!--指令类型【System、Device】-->
            <type>System</type>
            <!--指令域【Static、Instance】-->
            <domain>Static</domain>
            <!--指令级别【Major、Normal】-->
            <severity>Normal</severity>
        </action>

    </actions>
    <attrs>
        <attr>
            <id>protocol</id>
            <name>连接协议</name>
            <type>string</type>
            <is_primary>true</is_primary>
            <support_action>
                <![CDATA[
	    Get,Write
      ]]>
            </support_action>
        </attr>
        <attr>
            <id>server</id>
            <name>邮件服务器</name>
            <type>string</type>
            <support_action>
                <![CDATA[
	    Get,Write
      ]]>
            </support_action>
        </attr>
        <attr>
            <id>port</id>
            <name>端口</name>
            <type>int</type>
            <support_action>
                <![CDATA[
	    Get,Write
      ]]>
            </support_action>
        </attr>
        <attr>
            <id>send_email</id>
            <name>发件人邮箱</name>
            <type>string</type>
            <support_action>
                <![CDATA[
	    Get,Write
      ]]>
            </support_action>
        </attr>
        <attr>
            <id>send_account</id>
            <name>发件人账号</name>
            <type>string</type>
            <support_action>
                <![CDATA[
	    Get,Write
      ]]>
            </support_action>
        </attr>
        <attr>
            <id>send_pwd</id>
            <name>发件人密码</name>
            <type>string</type>
            <support_action>
                <![CDATA[
	    Get,Write
      ]]>
            </support_action>
        </attr>
        <attr>
            <id>lt</id>
            <name>更新时间</name>
            <type>int</type>
            <support_action>
                <![CDATA[
	    Get,Write
      ]]>
            </support_action>

        </attr>
    </attrs>
</ci>