{
  "id": "2189050",
  "name": "接入云",
  "font_family": "iconfont",
  "css_prefix_text": "icon-",
  "description": "",
  "glyphs": [
    {
      "icon_id": "2646270",
      "name": "wifi",
      "font_class": "wifi1",
      "unicode": "e620",
      "unicode_decimal": 58912
    },
    {
      "icon_id": "5178993",
      "name": "环保树",
      "font_class": "huanbaoshu",
      "unicode": "eab3",
      "unicode_decimal": 60083
    },
    {
      "icon_id": "10987883",
      "name": "全部",
      "font_class": "quanbu1",
      "unicode": "e695",
      "unicode_decimal": 59029
    },
    {
      "icon_id": "12287348",
      "name": "icon_住建局",
      "font_class": "icon_zhujianju",
      "unicode": "e6c4",
      "unicode_decimal": 59076
    },
    {
      "icon_id": "16450179",
      "name": "水务",
      "font_class": "1-08",
      "unicode": "e7c9",
      "unicode_decimal": 59337
    }
  ]
}
