<?xml version="1.0" encoding="UTF-8"?>
<!--指标时序数据-->
<ci>
    <!--指标时序数据-->
    <id>Pm_Tsd</id>
    <!--分表数量-->
    <partition>4</partition>
    <!--对象名称-->
    <name>指标时序数据</name>
    <!--描述-->
    <description>${ioc.monitor.PmTsd.desc}</description>
    <!--对象类型【R(资源表),B(业务表)】-->
    <type>B</type>
    <!--指令集合-->
    <actions>
        <action>
            <!--指令ID-->
            <id>Query</id>
            <!--指令名称-->
            <name>查询</name>
            <!--指令类型【System、Device】-->
            <type>System</type>
            <!--指令域【Static、Instance】-->
            <domain>Static</domain>
            <!--指令级别【Major、Normal】-->
            <severity>Normal</severity>
        </action>
    </actions>
    <attrs>
        <attr>
            <id>instanceid</id>
            <name>指标编码</name>
            <type>long</type>
            <is_primary>true</is_primary>
            <support_action>
                <![CDATA[
	    Query
      ]]>
            </support_action>
        </attr>
        <attr>
            <id>metric</id>
            <name>指标</name>
            <type>long</type>
            <support_action>
                <![CDATA[
	    Query
      ]]>
            </support_action>
        </attr>
        <attr>
            <id>ts</id>
            <name>指标时间</name>
            <type>int</type>
            <support_action>
                <![CDATA[
	    Query
      ]]>
            </support_action>
        </attr>
        <attr>
            <id>value</id>
            <name>指标值</name>
            <type>float</type>
            <support_action>
                <![CDATA[
	    Query
      ]]>
            </support_action>
        </attr>
        <attr>
            <id>tags</id>
            <name>纬度数据</name>
            <type>json</type>
            <support_action>
                <![CDATA[
	    Query
      ]]>
            </support_action>
        </attr>
    </attrs>
</ci>