<?xml version="1.0" encoding="UTF-8"?>
<Product>
    <!--产品ID-->
    <ID>ADL</ID>
    <!--产品名称-->
    <Name>资产追踪</Name>
    <!--产品描述-->
    <Desc>
        <![CDATA[
	基于有方物联感知平台，针对货运、物流、金融、保险等行业客户，对资产包括车、货物、容器（集装箱、货柜）等进行跟踪和运营管理、降低客户运营成本，提升效率，增加业务收入。包含室内定位、室外定位两种。。
    ]]>
    </Desc>
    <!--产品提供商-->
    <Vendor>Neoway</Vendor>
    <!--产品提供商名称-->
    <VendorName>深圳市有方科技</VendorName>
    <!--租户命名空间-->
    <Namespace>default</Namespace>
    <!--默认国际化语言-->
    <Language>zh_CN</Language>
    <!--内部应用or 外部应用-->
    <type>Outer</type>
</Product>