<?xml version="1.0" encoding="UTF-8" ?>
<!DOCTYPE mapper PUBLIC "-//mybatis.org//DTD Mapper 3.0//EN" "http://mybatis.org/dtd/mybatis-3-mapper.dtd" >
<mapper namespace="com.neoway.iot.bi.dao.chart.IChartDao" >

  <resultMap id="ChartResultMap" type="com.neoway.iot.bi.common.domain.chart.Chart" >
    <id column="chartid" property="chartid" jdbcType="VARCHAR" />
    <result column="name" property="name" jdbcType="VARCHAR" />
    <result column="desc" property="desc" jdbcType="VARCHAR" />
    <result column="algorithm" property="algorithm" jdbcType="VARCHAR" />
    <result column="type" property="type" jdbcType="VARCHAR" />
    <result column="lt" property="lt" jdbcType="INTEGER" />
  </resultMap>

  <sql id="Chart_Column_List">
   UBI_B_CHART.chartid, UBI_B_CHART.name, UBI_B_CHART.desc, UBI_B_CHART.algorithm, UBI_B_CHART.type, UBI_B_CHART.lt
  </sql>

  <select id="queryByKey" resultMap="ChartResultMap">
    select <include refid="Chart_Column_List"/>
    from UBI_B_CHART
    where UBI_B_CHART.chartid = #{chartid} 
  </select>

  <insert id="insertSelective">
    insert into UBI_B_CHART
    <trim prefix="(" prefixOverrides="," suffix=")" suffixOverrides=",">
      <if test="chart.chartid != null">UBI_B_CHART.chartid, </if>
      <if test="chart.name != null">UBI_B_CHART.name, </if>
      <if test="chart.desc != null">UBI_B_CHART.desc, </if>
      <if test="chart.algorithm != null">UBI_B_CHART.algorithm, </if>
      <if test="chart.type != null">UBI_B_CHART.type, </if>
      <if test="chart.lt != null">UBI_B_CHART.lt, </if>
    </trim>
    <trim prefix="values(" prefixOverrides="," suffix=")" suffixOverrides=",">
      <if test="chart.chartid != null">#{chart.chartid}, </if>
      <if test="chart.name != null">#{chart.name}, </if>
      <if test="chart.desc != null">#{chart.desc}, </if>
      <if test="chart.algorithm != null">#{chart.algorithm}, </if>
      <if test="chart.type != null">#{chart.type}, </if>
      <if test="chart.lt != null">#{chart.lt}, </if>
    </trim>
  </insert>

  <update id="updateSelective">
    update UBI_B_CHART set
    <trim prefix="" prefixOverrides="," suffix="" suffixOverrides=",">
      <if test="chart.name != null">UBI_B_CHART.name = #{chart.name}, </if>
      <if test="chart.desc != null">UBI_B_CHART.desc = #{chart.desc}, </if>
      <if test="chart.algorithm != null">UBI_B_CHART.algorithm = #{chart.algorithm}, </if>
      <if test="chart.type != null">UBI_B_CHART.type = #{chart.type}, </if>
      <if test="chart.lt != null">UBI_B_CHART.lt = #{chart.lt}, </if>
    </trim>
    where UBI_B_CHART.chartid = #{chart.chartid} 
  </update>

  <delete id="deleteByKey">
    delete from UBI_B_CHART
    where UBI_B_CHART.chartid = #{chartid} 
  </delete>


  <sql id="queryListSql">
    <if test="param.name != null and param.name != ''">
      and UBI_B_CHART.name like concat("%",#{param.name},"%")
    </if>
    <if test="param.type != null and param.type != ''">
      and UBI_B_CHART.type = #{param.type}
    </if>
  </sql>
  <select id="queryList" resultMap="ChartResultMap">
    select <include refid="Chart_Column_List"/>
    from UBI_B_CHART
    where chartid not in ("AlarmDistributeStatistic","AlarmSeverityCount","CategoryStatistic","DeviceCountStatistic","DeviceDistributeStatistic","RunStatusStatistic","GISDataStatistic","GISDataStatistic","GISDataSearchStatistic")
    <include refid="queryListSql"/>
    <if test="param.pageNum > 0">
      limit #{param.offset},#{param.pageSize}
    </if>
  </select>

  <select id="queryCount" resultType="java.lang.Integer">
    select count(UBI_B_CHART.chartid)
    from UBI_B_CHART
    where chartid not in ("AlarmDistributeStatistic","AlarmSeverityCount","CategoryStatistic","DeviceCountStatistic","DeviceDistributeStatistic","RunStatusStatistic","GISDataStatistic","GISDataStatistic","GISDataSearchStatistic")
    <include refid="queryListSql"/>
  </select>

  <select id="batchQueryById" resultType="com.neoway.iot.bi.common.domain.chart.Chart">
      SELECT chartid,name ,algorithm,type, `desc`  FROM UBI_B_CHART  WHERE chartid IN
    <foreach collection="chartIds" open="(" item="chartid" separator="," close=")">
      #{chartid}
    </foreach>
  </select>

  <select id="getChartIdByViewId" resultType="java.lang.String">
     SELECT chart FROM UBI_B_VIEW WHERE viewid = #{viewId}
  </select>
</mapper>