<?xml version="1.0" encoding="UTF-8"?>
<Category>
    <!--服务ID-->
    <ID>gwm</ID>
    <!--服务缩写-->
    <Sign>gwm</Sign>
    <!--服务名称-->
    <Name>统一接入管理</Name>
    <!--服务描述-->
    <Desc>
        <![CDATA[
包含接入对象元数据、接入元数据、数据源、接入网关的配置管理与健康检查。
    ]]>
    </Desc>
    <!--服务提供商-->
    <Vendor>Neoway</Vendor>
    <!--服务提供商名称-->
    <VendorName>深圳市有方科技</VendorName>
    <!--租户命名空间-->
    <Namespace>default</Namespace>
    <!--默认国际化语言-->
    <Language>zh_CN</Language>
    <!--内部应用or 外部应用-->
    <type>Inner</type>
</Category>