<?xml version="1.0" encoding="UTF-8"?>
<ds>
    <!--产品域-->
    <ns>ioc</ns>
    <!--数据源对象-->
    <ds_type>Tracker</ds_type>
    <!--数据源提供商-->
    <vendor>Neoway</vendor>
    <vendor_name>有方科技</vendor_name>
    <versions>
        <v>
            <!--数据源版本-->
            <version>V101</version>
            <!--数据源接入协议-->
            <protocol>JT808</protocol>
            <!--接入类型【D(直连)、T(透传)、I(集成)】-->
            <type>D</type>
            <!--连通性检测周期-->
            <health_interval>5</health_interval>
            <!--检测模板-->
            <health_templateId></health_templateId>
        </v>

    </versions>
</ds>