<?xml version="1.0" encoding="UTF-8"?>
<beans xmlns="http://www.springframework.org/schema/beans"
	xmlns:xsi="http://www.w3.org/2001/XMLSchema-instance" xmlns:aop="http://www.springframework.org/schema/aop"
	xmlns:tx="http://www.springframework.org/schema/tx" xmlns:util="http://www.springframework.org/schema/util"
	xmlns:context="http://www.springframework.org/schema/context"
	xmlns:rabbit="http://www.springframework.org/schema/rabbit"
	xsi:schemaLocation="
       http://www.springframework.org/schema/beans http://www.springframework.org/schema/beans/spring-beans.xsd
       http://www.springframework.org/schema/tx http://www.springframework.org/schema/tx/spring-tx.xsd
       http://www.springframework.org/schema/aop http://www.springframework.org/schema/aop/spring-aop.xsd
       http://www.springframework.org/schema/util http://www.springframework.org/schema/util/spring-util.xsd
       http://www.springframework.org/schema/context http://www.springframework.org/schema/context/spring-context.xsd
       http://www.springframework.org/schema/rabbit http://www.springframework.org/schema/rabbit/spring-rabbit-1.0.xsd">
	<description>et-car-device</description>
	<context:annotation-config />
	<context:component-scan base-package="com.etiot.car.device" />
		
    <rabbit:connection-factory id="connectionFactory" host="${spring.rabbitmq.host}" username="${spring.rabbitmq.username}"
        password="${spring.rabbitmq.password}" port="${spring.rabbitmq.port}"  />
        
	<rabbit:admin connection-factory="connectionFactory"/>
  
    <bean id="rabbitTemplate" class="org.springframework.amqp.rabbit.core.RabbitTemplate">
       <!--  <constructor-arg ref="connectionFactory"></constructor-arg> -->
        <property name="replyTimeout" value="-1"></property>
        <property name="connectionFactory" ref="connectionFactory"></property>
    </bean>
    
    <rabbit:listener-container connection-factory="connectionFactory" acknowledge="auto">
        <!-- <rabbit:listener queues="carDownCommandQueue_jt808" ref="carDownCommandListener"  /> -->
    </rabbit:listener-container> 
    
    <rabbit:queue id="carDownCommandQueue_jt808" name="carDownCommandQueue_jt808" durable="true" auto-delete="false"  exclusive="false"></rabbit:queue>
    
    <rabbit:direct-exchange name="carDownCommand" durable="true" auto-delete="false" >  
        <rabbit:bindings>  
            <rabbit:binding queue="carDownCommandQueue_jt808" key="jt808"/>  
        </rabbit:bindings>  
    </rabbit:direct-exchange>
	<bean id="jedisPoolConfig" class="redis.clients.jedis.JedisPoolConfig">
	</bean>  
   
    <!-- sprin_data_redis 单机配置 -->  
    <bean id="jedisConnFactory" class="org.springframework.data.redis.connection.jedis.JedisConnectionFactory" >  
        <property name="hostName" value="${spring.redis.host}" />  
        <property name="port" value="${spring.redis.port}" />  
        <property name="timeout" value="${spring.redis.timeout}" />  
        <property name="password" value="${spring.redis.password}" />
        <property name="database" value="${spring.redis.database}" ></property>
        <property name="poolConfig" ref="jedisPoolConfig" />  
    </bean>  
    <!-- key序列化 -->  
	<bean id="stringRedisSerializer" class="org.springframework.data.redis.serializer.StringRedisSerializer" />  
    <bean id="stringRedisTemplate" class="org.springframework.data.redis.core.StringRedisTemplate" >
    	<property name="connectionFactory" ref="jedisConnFactory"></property>
    </bean>       
	<bean id="redisTemplate" class="org.springframework.data.redis.core.RedisTemplate" > 
	    <property name="connectionFactory" ref="jedisConnFactory"></property>
	    <property name="keySerializer" ref="stringRedisSerializer"></property>
	    <property name="hashKeySerializer" ref="stringRedisSerializer"></property>
	</bean>	
</beans>

