<?xml version="1.0" encoding="UTF-8"?>
<Category>
    <!--服务ID-->
    <ID>monitor</ID>
    <!--服务缩写-->
    <Sign>mo</Sign>
    <!--服务名称-->
    <Name>资源监控服务</Name>
    <!--服务描述-->
    <Desc>
        <![CDATA[
	全网资源的指标、事件、位置轨迹、告警的统一状态监控
    ]]>
    </Desc>
    <!--服务提供商-->
    <Vendor>Neoway</Vendor>
    <!--服务提供商名称-->
    <VendorName>深圳市有方科技</VendorName>
    <!--租户命名空间-->
    <Namespace>default</Namespace>
    <!--默认国际化语言-->
    <Language>zh_CN</Language>
    <!--内部应用or 外部应用-->
    <type>Inner</type>
</Category>