<?xml version="1.0" encoding="UTF-8"?>
<!--实时状态-->
<ci>
    <!--实时状态-->
    <id>Status</id>
    <!--对象名称-->
    <name>实时状态</name>
    <!--国际化词条-->
    <i18n_key>ies.cm.Status.metaCI</i18n_key>
    <!--描述-->
    <description>${ioc.cm.Status.desc}</description>
    <type>B</type>
    <!--指令集合-->
    <actions>
        <action>
            <!--指令ID-->
            <id>Query</id>
            <!--指令名称-->
            <name>查询</name>
            <!--指令类型【System、Device】-->
            <type>System</type>
            <!--指令域【Static、Instance】-->
            <domain>Static</domain>
            <!--指令级别【Major、Normal】-->
            <severity>Normal</severity>
        </action>
        <action>
            <!--指令ID-->
            <id>DownlinkDiscover</id>
            <!--指令名称-->
            <name>自动发现</name>
            <!--指令类型【System、Device】-->
            <type>System</type>
            <!--指令域【Static、Instance】-->
            <domain>Static</domain>
            <!--指令级别【Major、Normal】-->
            <severity>Normal</severity>
            <!--分组【MgrOper(管理操作)、UplinkDataDevice(设备数据上报)、UplinkDataNetwork(网络数据上报)、UplinkDataBusiness(业务数据上报)、UplinkEvent(事件上报)、DownlinkCommand(指令下发)、DownlinkCommandRsp(指令下发响应)】-->
            <group>MgrOper</group>
        </action>
    </actions>
    <attrs>
        <attr>
            <id>instanceid</id>
            <name>资源ID</name>
            <i18n_key>ies.cm.Status.attr.instanceid</i18n_key>
            <type>long</type>
            <is_primary>true</is_primary>
            <support_action>
                <![CDATA[
	    Register,Query
      ]]>
            </support_action>
        </attr>
        <attr>
            <id>metric</id>
            <name>指标</name>
            <i18n_key>ies.cm.Status.attr.metric</i18n_key>
            <type>string</type>
            <is_primary>true</is_primary>
            <support_action>
                <![CDATA[
	    Register,Query
      ]]>
            </support_action>
        </attr>
        <attr>
            <id>metric_name</id>
            <name>指标名称</name>
            <i18n_key>ies.cm.Status.attr.metric_name</i18n_key>
            <type>string</type>
            <support_action>
                <![CDATA[
	    Register,Query
      ]]>
            </support_action>
        </attr>
        <attr>
            <id>metric_unit</id>
            <name>指标单位</name>
            <i18n_key>ies.cm.Status.attr.metric_unit</i18n_key>
            <type>string</type>
            <support_action>
                <![CDATA[
	    Register,Query
      ]]>
            </support_action>
        </attr>
        <attr>
            <id>metric_value</id>
            <name>指标值</name>
            <i18n_key>ies.cm.Status.attr.metric_value</i18n_key>
            <type>float</type>
            <support_action>
                <![CDATA[
	    Register,Query
      ]]>
            </support_action>
        </attr>
        <attr>
            <id>lt</id>
            <name>更新时间</name>
            <i18n_key>ies.cm.Status.attr.lt</i18n_key>
            <type>int</type>
            <support_action>
                <![CDATA[
	    Register,Query
      ]]>
            </support_action>

        </attr>
    </attrs>
</ci>