<?xml version="1.0" encoding="UTF-8"?>
<!--模型包信息-->
<ci>
    <!--模型包信息-->
    <id>ModelPackage</id>
    <!--对象名称-->
    <name>模型包</name>
    <!--描述-->
    <description>${META.DM.ModelPackage.DESC}</description>
    <!--对象类型【R(资源表),B(业务表)】-->
    <type>B</type>
    <!--指令集合-->
    <actions>
        <action>
            <!--指令ID-->
            <id>Query</id>
            <!--指令名称-->
            <name>查询</name>
            <!--指令类型【System、Device】-->
            <type>System</type>
            <!--指令域【Static、Instance】-->
            <domain>Static</domain>
            <!--指令级别【Major、Normal】-->
            <severity>Normal</severity>
        </action>
        <action>
            <!--指令ID-->
            <id>Add</id>
            <!--指令名称-->
            <name>注册</name>
            <!--指令类型【System、Device】-->
            <type>System</type>
            <!--指令域【Static、Instance】-->
            <domain>Static</domain>
            <!--指令级别【Major、Normal】-->
            <severity>Normal</severity>
        </action>
        <action>
            <!--指令ID-->
            <id>Update</id>
            <!--指令名称-->
            <name>查询</name>
            <!--指令类型【System、Device】-->
            <type>System</type>
            <!--指令域【Static、Instance】-->
            <domain>Static</domain>
            <!--指令级别【Major、Normal】-->
            <severity>Normal</severity>
        </action>
        <action>
            <!--指令ID-->
            <id>Delete</id>
            <!--指令名称-->
            <name>注册</name>
            <!--指令类型【System、Device】-->
            <type>System</type>
            <!--指令域【Static、Instance】-->
            <domain>Static</domain>
            <!--指令级别【Major、Normal】-->
            <severity>Normal</severity>
        </action>
    </actions>
    <attrs>
        <attr>
            <id>id</id>
            <name>主键ID</name>
            <type>int</type>
            <is_primary>true</is_primary>
            <support_action>
                <![CDATA[
        Register,Query
      ]]>
            </support_action>
        </attr>
        <attr>
            <id>ns</id>
            <name>产品域</name>
            <type>string</type>
            <support_action>
                <![CDATA[
        Register,Query
      ]]>
            </support_action>
        </attr>
        <attr>
            <id>file_type</id>
            <name>模型包文件类型</name>
            <type>int</type>
            <support_action>
                <![CDATA[
        Register,Query
      ]]>
            </support_action>
        </attr>
        <attr>
            <id>store_type</id>
            <name>存储类型</name>
            <type>int</type>
            <support_action>
                <![CDATA[
        Register,Query
      ]]>
            </support_action>
        </attr>
        <attr>
            <id>file_name</id>
            <name>模型包文件名称</name>
            <type>string</type>
            <support_action>
                <![CDATA[
        Register,Query
      ]]>
            </support_action>
        </attr>
        <attr>
            <id>file_url</id>
            <name>模型包文件存储全路径</name>
            <type>string</type>
            <support_action>
                <![CDATA[
        Register,Query
      ]]>
            </support_action>
        </attr>
        <attr>
            <id>upload_user_id</id>
            <name>上传用户ID</name>
            <type>string</type>
            <support_action>
                <![CDATA[
        Register,Query
      ]]>
            </support_action>
        </attr>
        <attr>
            <id>file_status</id>
            <name>模型包文件状态</name>
            <type>int</type>
            <support_action>
                <![CDATA[
        Register,Query
      ]]>
            </support_action>
        </attr>
        <attr>
            <id>create_time</id>
            <name>上传时间</name>
            <type>long</type>
            <support_action>
                <![CDATA[
        Register,Query
      ]]>
            </support_action>
        </attr>
        <attr>
            <id>update_time</id>
            <name>上传时间</name>
            <type>long</type>
            <support_action>
                <![CDATA[
        Register,Query
      ]]>
            </support_action>
        </attr>
    </attrs>
</ci>