<?xml version="1.0" encoding="UTF-8"?>
<!--告警元数据-->
<ci>
    <!--告警元数据-->
    <id>Fm_Meta</id>
    <!--对象名称-->
    <name>告警元数据</name>
    <!--国际化词条-->
    <i18n_key>ies.monitor.FmMeta.metaCI</i18n_key>
    <!--描述-->
    <description>${ioc.monitor.FmMeta.desc}</description>
    <!--对象类型【R(资源表),B(业务表)】-->
    <type>B</type>
    <!--指令集合-->
    <actions>
        <action>
            <!--指令ID-->
            <id>Query</id>
            <!--指令名称-->
            <name>查询</name>
            <!--指令类型【System、Device】-->
            <type>System</type>
            <!--指令域【Static、Instance】-->
            <domain>Static</domain>
            <!--指令级别【Major、Normal】-->
            <severity>Normal</severity>
        </action>
        <action>
            <!--指令ID-->
            <id>DownlinkDiscover</id>
            <!--指令名称-->
            <name>${ioc.cm.Meta.Add.name}</name>
            <!--指令类型【System、Device】-->
            <type>System</type>
            <!--指令域【Static、Instance】-->
            <domain>Static</domain>
            <!--指令级别【Major、Normal】-->
            <severity>Normal</severity>
        </action>
    </actions>
    <attrs>
        <attr>
            <id>code</id>
            <name>告警元数据编码</name>
            <i18n_key>ies.monitor.FmMeta.attr.code</i18n_key>
            <type>long</type>
            <is_primary>true</is_primary>
            <support_action>
                <![CDATA[
	    Query
      ]]>
            </support_action>
        </attr>
        <attr>
            <id>ns</id>
            <name>产品域</name>
            <i18n_key>ies.monitor.FmMeta.attr.ns</i18n_key>
            <type>string</type>
            <support_action>
                <![CDATA[
	    Query
      ]]>
            </support_action>
        </attr>
        <attr>
            <id>type</id>
            <name>对象</name>
            <i18n_key>ies.monitor.FmMeta.attr.type</i18n_key>
            <type>string</type>
            <support_action>
                <![CDATA[
	    Query
      ]]>
            </support_action>
        </attr>
        <attr>
            <id>alarmid</id>
            <name>告警id</name>
            <i18n_key>ies.monitor.FmMeta.attr.alarmid</i18n_key>
            <type>string</type>
            <support_action>
                <![CDATA[
	    Query
      ]]>
            </support_action>
        </attr>
        <attr>
            <id>o_condition</id>
            <name>触发条件</name>
            <i18n_key>ies.monitor.FmMeta.attr.o_condition</i18n_key>
            <type>short</type>
            <support_action>
                <![CDATA[
	    Query
      ]]>
            </support_action>
        </attr>
        <attr>
            <id>alarm_name</id>
            <name>告警名称</name>
            <i18n_key>ies.monitor.FmMeta.attr.alarm_name</i18n_key>
            <type>string</type>
            <support_action>
                <![CDATA[
	    Query
      ]]>
            </support_action>
        </attr>
        <attr>
            <id>alarm_severity</id>
            <name>告警级别</name>
            <i18n_key>ies.monitor.FmMeta.attr.alarm_severity</i18n_key>
            <type>short</type>
            <support_action>
                <![CDATA[
	    Query
      ]]>
            </support_action>
        </attr>
        <attr>
            <id>alarm_category</id>
            <name>告警分组</name>
            <i18n_key>ies.monitor.FmMeta.attr.alarm_category</i18n_key>
            <type>string</type>
            <support_action>
                <![CDATA[
	    Query
      ]]>
            </support_action>
        </attr>
        <attr>
            <id>alarm_cause_text</id>
            <name>告警可能原因</name>
            <i18n_key>ies.monitor.FmMeta.attr.alarm_cause_text</i18n_key>
            <type>text</type>
            <support_action>
                <![CDATA[
	    Query
      ]]>
            </support_action>
        </attr>
        <attr>
            <id>alarm_repire_text</id>
            <name>告警修复建议</name>
            <i18n_key>ies.monitor.FmMeta.attr.alarm_repire_text</i18n_key>
            <type>text</type>
            <support_action>
                <![CDATA[
	    Query
      ]]>
            </support_action>
        </attr>
        <attr>
            <id>alarm_effect_business</id>
            <name>告警业务影响</name>
            <i18n_key>ies.monitor.FmMeta.attr.alarm_effect_business</i18n_key>
            <type>text</type>
            <support_action>
                <![CDATA[
	    Query
      ]]>
            </support_action>
        </attr>
        <attr>
            <id>alarm_effect_device</id>
            <name>告警设备影响</name>
            <i18n_key>ies.monitor.FmMeta.attr.alarm_effect_device</i18n_key>
            <type>text</type>
            <support_action>
                <![CDATA[
	    Query
      ]]>
            </support_action>
        </attr>
        <attr>
            <id>lt</id>
            <name>更新时间</name>
            <i18n_key>ies.monitor.FmMeta.attr.lt</i18n_key>
            <type>int</type>
            <support_action>
                <![CDATA[
	    Query
      ]]>
            </support_action>
        </attr>
    </attrs>
</ci>