<?xml version="1.0" encoding="UTF-8"?>
<Product>
    <!--产品ID-->
    <ID>iotsystem</ID>
    <!--产品名称-->
    <Name>物联感知平台-系统管理服务</Name>
    <!--产品描述-->
    <Desc>
        <![CDATA[
	物联感知平台系统全局性配置管理，其包含模型包管理、国际化管理、Dashboard管理、审计日志管理、转储配置管理
    ]]>
    </Desc>
    <!--产品提供商-->
    <Vendor>Neoway</Vendor>
    <!--产品提供商名称-->
    <VendorName>深圳市有方科技</VendorName>
    <!--租户命名空间-->
    <Namespace>default</Namespace>
    <!--默认国际化语言-->
    <Language>zh_CN</Language>
</Product>