<?xml version="1.0" encoding="UTF-8"?>
<!--告警数据-->
<ci>
    <!--告警数据-->
    <id>Fm_Value</id>
    <!--对象名称-->
    <name>告警数据</name>
    <!--国际化词条-->
    <i18n_key>ies.monitor.FmValue.metaCI</i18n_key>
    <!--分表数量-->
    <partition>2</partition>
    <!--描述-->
    <description>${ioc.monitor.FmValue.desc}</description>
    <!--对象类型【R(资源表),B(业务表)】-->
    <type>B</type>
    <!--指令集合-->
    <actions>
        <action>
            <!--指令ID-->
            <id>Query</id>
            <!--指令名称-->
            <name>查询</name>
            <!--指令类型【System、Device】-->
            <type>System</type>
            <!--指令域【Static、Instance】-->
            <domain>Static</domain>
            <!--指令级别【Major、Normal】-->
            <severity>Normal</severity>
        </action>
        <action>
            <!--指令ID-->
            <id>DownlinkDiscover</id>
            <!--指令名称-->
            <name>自动发现</name>
            <!--指令类型【System、Device】-->
            <type>System</type>
            <!--指令域【Static、Instance】-->
            <domain>Static</domain>
            <!--指令级别【Major、Normal】-->
            <severity>Normal</severity>
            <!--分组【MgrOper(管理操作)、UplinkDataDevice(设备数据上报)、UplinkDataNetwork(网络数据上报)、UplinkDataBusiness(业务数据上报)、UplinkEvent(事件上报)、DownlinkCommand(指令下发)、DownlinkCommandRsp(指令下发响应)】-->
            <group>MgrOper</group>
        </action>
    </actions>
    <attrs>
        <attr>
            <id>serial_no</id>
            <name>告警流水号</name>
            <i18n_key>ies.monitor.FMValue.attr.serial_no</i18n_key>
            <type>long</type>
            <is_primary>true</is_primary>
            <support_action>
                <![CDATA[
	    Query
      ]]>
            </support_action>
        </attr>
        <attr>
            <id>alarmid</id>
            <name>告警ID</name>
            <i18n_key>ies.monitor.FMValue.attr.alarmid</i18n_key>
            <type>string</type>
            <support_action>
                <![CDATA[
	    Query
      ]]>
            </support_action>
        </attr>
        <attr>
            <id>ns</id>
            <name>产品域</name>
            <i18n_key>ies.monitor.FMValue.attr.ns</i18n_key>
            <type>string</type>
            <support_action>
                <![CDATA[
	    Query
      ]]>
            </support_action>
        </attr>
        <attr>
            <id>type</id>
            <name>对象</name>
            <i18n_key>ies.monitor.FMValue.attr.type</i18n_key>
            <type>string</type>
            <support_action>
                <![CDATA[
	    Query
      ]]>
            </support_action>
        </attr>
        <attr>
            <id>instanceid</id>
            <name>告警资源ID</name>
            <i18n_key>ies.monitor.FMValue.attr.instanceid</i18n_key>
            <type>long</type>
            <support_action>
                <![CDATA[
	    Query
      ]]>
            </support_action>
        </attr>
        <attr>
            <id>instance_name</id>
            <name>告警资源名称</name>
            <i18n_key>ies.monitor.FMValue.attr.instance_name</i18n_key>
            <type>string</type>
            <support_action>
                <![CDATA[
	    Query
      ]]>
            </support_action>
        </attr>
        <attr>
            <id>alarm_name</id>
            <name>告警名称</name>
            <i18n_key>ies.monitor.FMValue.attr.alarm_name</i18n_key>
            <type>string</type>
            <support_action>
                <![CDATA[
	    Query
      ]]>
            </support_action>
        </attr>
        <attr>
            <id>alarm_severity</id>
            <name>告警级别</name>
            <i18n_key>ies.monitor.FMValue.attr.alarm_severity</i18n_key>
            <type>int</type>
            <support_action>
                <![CDATA[
	    Query
      ]]>
            </support_action>
        </attr>
        <attr>
            <id>alarm_category</id>
            <name>告警分组</name>
            <i18n_key>ies.monitor.FMValue.attr.alarm_category</i18n_key>
            <type>string</type>
            <support_action>
                <![CDATA[
	    Query
      ]]>
            </support_action>
        </attr>
        <attr>
            <id>alarm_cause_text</id>
            <name>告警可能原因</name>
            <i18n_key>ies.monitor.FMValue.attr.alarm_cause_text</i18n_key>
            <type>text</type>
            <support_action>
                <![CDATA[
	    Query
      ]]>
            </support_action>
        </attr>
        <attr>
            <id>alarm_repire_text</id>
            <name>告警修复建议</name>
            <i18n_key>ies.monitor.FMValue.attr.alarm_repire_text</i18n_key>
            <type>text</type>
            <support_action>
                <![CDATA[
	    Query
      ]]>
            </support_action>
        </attr>
        <attr>
            <id>alarm_effect_business</id>
            <name>告警业务影响</name>
            <i18n_key>ies.monitor.FMValue.attr.alarm_effect_business</i18n_key>
            <type>text</type>
            <support_action>
                <![CDATA[
	    Query
      ]]>
            </support_action>
        </attr>
        <attr>
            <id>alarm_effect_device</id>
            <name>告警设备影响</name>
            <i18n_key>ies.monitor.FMValue.attr.alarm_effect_device</i18n_key>
            <type>text</type>
            <support_action>
                <![CDATA[
	    Query
      ]]>
            </support_action>
        </attr>
        <attr>
            <id>alarm_st</id>
            <name>告警首次发生时间</name>
            <i18n_key>ies.monitor.FMValue.attr.alarm_st</i18n_key>
            <type>int</type>
            <support_action>
                <![CDATA[
	    Query
      ]]>
            </support_action>
        </attr>
        <attr>
            <id>alarm_et</id>
            <name>告警最后发生时间</name>
            <i18n_key>ies.monitor.FMValue.attr.alarm_et</i18n_key>
            <type>int</type>
            <support_action>
                <![CDATA[
	    Query
      ]]>
            </support_action>
        </attr>
        <attr>
            <id>alarm_ct</id>
            <name>告警清除时间</name>
            <i18n_key>ies.monitor.FMValue.attr.alarm_ct</i18n_key>
            <type>int</type>
            <support_action>
                <![CDATA[
	    Query
      ]]>
            </support_action>
        </attr>
        <attr>
            <id>alarm_status</id>
            <name>告警状态</name>
            <i18n_key>ies.monitor.FMValue.attr.alarm_status</i18n_key>
            <type>int</type>
            <support_action>
                <![CDATA[
	    Query
      ]]>
            </support_action>
        </attr>
        <attr>
            <id>alarm_count</id>
            <name>告警发生次数</name>
            <i18n_key>ies.monitor.FMValue.attr.alarm_count</i18n_key>
            <type>int</type>
            <support_action>
                <![CDATA[
	    Query
      ]]>
            </support_action>
        </attr>
        <attr>
            <id>alarm_c_type</id>
            <name>告警清除类型</name>
            <i18n_key>ies.monitor.FMValue.attr.alarm_c_type</i18n_key>
            <type>string</type>
            <support_action>
                <![CDATA[
	    Query
      ]]>
            </support_action>
        </attr>
        <attr>
            <id>nativeid</id>
            <name>告警资源原始ID</name>
            <i18n_key>ies.monitor.FMValue.attr.nativeid</i18n_key>
            <type>string</type>
            <support_action>
                <![CDATA[
	    Query
      ]]>
            </support_action>
        </attr>
        <attr>
            <id>tenentid</id>
            <name>租户</name>
            <i18n_key>ies.monitor.FMValue.attr.tenentid</i18n_key>
            <type>string</type>
            <support_action>
                <![CDATA[
	    Query
      ]]>
            </support_action>
        </attr>
    </attrs>
</ci>