<?xml version="1.0" encoding="UTF-8"?>
<!--指标阈值规则数据信息-->
<ci>
    <!--指标阈值规则数据信息-->
    <id>Pm_MetaRule</id>
    <!--对象名称-->
    <name>指标阈值规则</name>
    <!--国际化词条-->
    <i18n_key>ies.monitor.PmMetaRule.metaCI</i18n_key>
    <!--描述-->
    <description>${ioc.monitor.PmMetaRule.desc}</description>
    <!--对象类型【R(资源表),B(业务表)】-->
    <type>B</type>
    <!--指令集合-->
    <actions>
        <action>
            <!--指令ID-->
            <id>Query</id>
            <!--指令名称-->
            <name>查询</name>
            <!--指令类型【System、Device】-->
            <type>System</type>
            <!--指令域【Static、Instance】-->
            <domain>Static</domain>
            <!--指令级别【Major、Normal】-->
            <severity>Normal</severity>
        </action>
        <action>
            <!--指令ID-->
            <id>DownlinkDiscover</id>
            <!--指令名称-->
            <name>${ioc.cm.Meta.Add.name}</name>
            <!--指令类型【System、Device】-->
            <type>System</type>
            <!--指令域【Static、Instance】-->
            <domain>Static</domain>
            <!--指令级别【Major、Normal】-->
            <severity>Normal</severity>
        </action>
    </actions>
    <attrs>
        <attr>
            <id>code</id>
            <name>指标编码</name>
            <i18n_key>ies.monitor.PmMetaRule.attr.code</i18n_key>
            <type>long</type>
            <is_primary>true</is_primary>
            <support_action>
                <![CDATA[
	    Query
      ]]>
            </support_action>
        </attr>
        <attr>
            <id>o_period</id>
            <name>触发周期</name>
            <i18n_key>ies.monitor.PmMetaRule.attr.o_period</i18n_key>
            <type>int</type>
            <support_action>
                <![CDATA[
	    Query
      ]]>
            </support_action>
        </attr>
        <attr>
            <id>o_threahold</id>
            <name>触发阈值</name>
            <i18n_key>ies.monitor.PmMetaRule.attr.o_threahold</i18n_key>
            <type>int</type>
            <support_action>
                <![CDATA[
	    Query
      ]]>
            </support_action>
        </attr>
        <attr>
            <id>o_condition</id>
            <name>触发条件</name>
            <i18n_key>ies.monitor.PmMetaRule.attr.o_condition</i18n_key>
            <type>short</type>
            <is_primary>true</is_primary>
            <support_action>
                <![CDATA[
	    Query
      ]]>
            </support_action>
        </attr>
        <attr>
            <id>o_action</id>
            <name>触发动作</name>
            <i18n_key>ies.monitor.PmMetaRule.attr.o_action</i18n_key>
            <type>string</type>
            <support_action>
                <![CDATA[
	    Query
      ]]>
            </support_action>
        </attr>
        <attr>
            <id>c_period</id>
            <name>恢复周期</name>
            <i18n_key>ies.monitor.PmMetaRule.attr.c_period</i18n_key>
            <type>int</type>
            <support_action>
                <![CDATA[
	    Query
      ]]>
            </support_action>
        </attr>
        <attr>
            <id>c_threahold</id>
            <name>恢复阈值</name>
            <i18n_key>ies.monitor.PmMetaRule.attr.c_threahold</i18n_key>
            <type>int</type>
            <support_action>
                <![CDATA[
	    Query
      ]]>
            </support_action>
        </attr>
        <attr>
            <id>c_action</id>
            <name>恢复动作</name>
            <i18n_key>ies.monitor.PmMetaRule.attr.c_action</i18n_key>
            <type>string</type>
            <support_action>
                <![CDATA[
	    Query
      ]]>
            </support_action>
        </attr>

        <attr>
            <id>lt</id>
            <name>更新时间</name>
            <i18n_key>ies.monitor.PmMetaRule.attr.lt</i18n_key>
            <type>int</type>
            <support_action>
                <![CDATA[
	    Register,Query
      ]]>
            </support_action>

        </attr>
    </attrs>
</ci>