<?xml version="1.0" encoding="UTF-8"?>
<!--Node信息-->
<ci>
    <!--Node对象-->
    <id>Node</id>
    <!--对象名称-->
    <name>节点</name>
    <!--描述-->
    <description>${ioc.ubi.Node.desc}</description>
    <!--对象类型【R(资源表),B(业务表)】-->
    <type>B</type>
    <!--指令集合-->
    <actions>
        <action>
            <!--指令ID-->
            <id>Query</id>
            <!--指令名称-->
            <name>查询</name>
            <!--指令类型【System、Device】-->
            <type>System</type>
            <!--指令域【Static、Instance】-->
            <domain>Static</domain>
            <!--指令级别【Major、Normal】-->
            <severity>Normal</severity>
        </action>
    </actions>
    <attrs>
        <attr>
            <id>nid</id>
            <name>节点ID</name>
            <type>long</type>
            <is_primary>true</is_primary>
            <support_action>
                <![CDATA[
	    Query
      ]]>
            </support_action>
        </attr>
        <attr>
            <id>ip</id>
            <name>节点IP</name>
            <type>string</type>
            <support_action>
                <![CDATA[
	    Query
      ]]>
            </support_action>
        </attr>
        <attr>
            <id>status</id>
            <name>节点状态</name>
            <type>string</type>
            <support_action>
                <![CDATA[
	    Query
      ]]>
            </support_action>
        </attr>
        <attr>
            <id>lt</id>
            <name>更新时间</name>
            <type>int</type>
            <support_action>
                <![CDATA[
	    Query
      ]]>
            </support_action>
        </attr>

    </attrs>
</ci>