<?xml version="1.0" encoding="UTF-8"?>
<Product>
    <!--产品ID-->
    <ID>IOV</ID>
    <!--产品名称-->
    <Name>车联网</Name>
    <!--产品描述-->
    <Desc>
        <![CDATA[
	基于有方物联感知平台，进行车载数据收集，分析。
    ]]>
    </Desc>
    <!--产品提供商-->
    <Vendor>Neoway</Vendor>
    <!--产品提供商名称-->
    <VendorName>深圳市有方科技</VendorName>
    <!--租户命名空间-->
    <Namespace>default</Namespace>
    <!--默认国际化语言-->
    <Language>zh_CN</Language>
    <!--内部应用or 外部应用-->
    <type>Outer</type>
</Product>