<?xml version="1.0" encoding="UTF-8" ?>
<!DOCTYPE mapper PUBLIC "-//mybatis.org//DTD Mapper 3.0//EN" "http://mybatis.org/dtd/mybatis-3-mapper.dtd" >
<mapper namespace="com.neoway.iot.bi.dao.reportstat.IReportStrategyDao" >

    <sql id="baseRow">
        id, viewid, policy, notify_type notifyType, notify_group notifyGroup, notify_group_code notifyGroupCode,  lt
    </sql>

    <!--查询周期报表统计策略-->
    <select id="selectList" resultType="com.neoway.iot.bi.common.dto.ReportStrategyDTO">
        SELECT
          v.viewid AS viewId,
          v.name,
          v.desc,
          v.chart,
          r.id,
          r.policy,
          r.notify_type AS notifyType,
          r.notify_group AS notifyGroup,
          r.notify_group_code AS notifyGroupCode
        FROM UBI_B_VIEW v INNER JOIN UBI_B_REPORTSTRATEGY r ON v.viewid = r.viewid
        WHERE 1=1
        <if test="name != null">
            AND v.name = #{name}
        </if>
    </select>

    <!--查询视图下拉-->
    <select id="selectDropDown" resultType="com.neoway.iot.bi.common.dto.ViewDTO">
        SELECT
          viewid AS viewId,
          name
        FROM UBI_B_VIEW
    </select>
    <select id="getReportStrategyList" resultType="com.neoway.iot.bi.common.vo.reportstrategy.AddReportStrategyVO">
        SELECT viewid AS viewId,policy,notify_type AS notifyType,notify_group AS notifyGroup,notify_group_code AS notifyGroupCode FROM UBI_B_REPORTSTRATEGY
    </select>
    <select id="selectOne" resultType="com.neoway.iot.bi.common.domain.reportstat.ReportStrategy">
        SELECT <include refid="baseRow"/>
        FROM UBI_B_REPORTSTRATEGY
        WHERE 1 = 1
        <if test="reportStrategy.id">
            and id = #{reportStrategy.id}
        </if>
    </select>

    <!--添加周期报表统计策略-->
    <insert id="insert">
        INSERT INTO UBI_B_REPORTSTRATEGY
        <trim prefix="(" prefixOverrides="," suffix=")" suffixOverrides=",">
            <if test="reportStrategy.id != null">id, </if>
            <if test="reportStrategy.viewId != null">viewid, </if>
            <if test="reportStrategy.policy != null">policy, </if>
            <if test="reportStrategy.notifyType != null">notify_type, </if>
            <if test="reportStrategy.notifyGroup != null">notify_group, </if>
            <if test="reportStrategy.notifyGroupCode != null">notify_group_code, </if>
            lt
        </trim>
        <trim prefix="values(" prefixOverrides="," suffix=")" suffixOverrides=",">
            <if test="reportStrategy.id != null">#{reportStrategy.id}, </if>
            <if test="reportStrategy.viewId != null">#{reportStrategy.viewId}, </if>
            <if test="reportStrategy.policy != null">#{reportStrategy.policy}, </if>
            <if test="reportStrategy.notifyType != null">#{reportStrategy.notifyType}, </if>
            <if test="reportStrategy.notifyGroup != null">#{reportStrategy.notifyGroup}, </if>
            <if test="reportStrategy.notifyGroupCode != null">#{reportStrategy.notifyGroupCode}, </if>
            #{reportStrategy.lt}
        </trim>
    </insert>

    <!--删除周期报表统计策略-->
    <delete id="delete">
        DELETE FROM UBI_B_REPORTSTRATEGY WHERE id = #{id}
    </delete>

    <delete id="deleteByCode">
        DELETE FROM UBI_B_REPORTSTRATEGY WHERE notify_group_code = #{code}
    </delete>

    <!--更新周期报表统计策略-->
    <update id="updateBySelective">
        UPDATE UBI_B_REPORTSTRATEGY SET
        <trim prefix="" prefixOverrides="," suffix="" suffixOverrides=",">
            <if test="reportStrategy.viewId != null">viewid = #{reportStrategy.viewId}, </if>
            <if test="reportStrategy.policy != null">policy = #{reportStrategy.policy}, </if>
            <if test="reportStrategy.notifyType != null">notify_type = #{reportStrategy.notifyType}, </if>
            <if test="reportStrategy.notifyGroup != null">notify_group = #{reportStrategy.notifyGroup}, </if>
            <if test="reportStrategy.notifyGroupCode != null">notify_group_code = #{reportStrategy.notifyGroupCode}, </if>
            lt = #{reportStrategy.lt}
        </trim>
        WHERE id = #{reportStrategy.id}
    </update>

    <update id="updateNotifyGroup">
        UPDATE UBI_B_REPORTSTRATEGY SET
        <trim prefix="" prefixOverrides="," suffix="" suffixOverrides=",">
            <if test="name != null">notify_group = #{name}</if>
        </trim>
        WHERE notify_group_code = #{code}
    </update>


</mapper>