<?xml version="1.0" encoding="UTF-8" ?>
<!DOCTYPE mapper PUBLIC "-//mybatis.org//DTD Mapper 3.0//EN" "http://mybatis.org/dtd/mybatis-3-mapper.dtd" >
<mapper namespace="com.neoway.iot.bi.dao.reportstat.IReportDataDao" >

    <sql id="baseInfo">
        id, task_id taskId, viewid, view_name viewName, chartid, chart_name chartName, chart_algorthm chartAlgorthm, chart_type chartType
        , nodeid, chart_data chartData, lt
    </sql>
    <delete id="del30DayBeforeDay">
        delete from UBI_B_REPORTDATA
        where lt <![CDATA[<=]]> #{st}
    </delete>

    <resultMap id="BasicInfo" type="com.neoway.iot.bi.common.domain.reportstat.ReportData">
        <result property="id" column="id"/>
        <result property="taskId" column="task_id"/>
        <result property="viewid" column="viewid"/>
        <result property="viewName" column="view_name"/>
        <result property="chartid" column="chartid"/>
        <result property="chartName" column="chart_name"/>
        <result property="chartAlgorthm" column="chart_algorthm"/>
        <result property="chartType" column="chart_type"/>
        <result property="nodeid" column="nodeid"/>
        <result property="chartData" column="chart_data" typeHandler="com.neoway.iot.bi.common.handler.JsonTypeHandler"/>
        <result property="lt" column="lt"/>
    </resultMap>

    <select id="selectList" resultMap="BasicInfo">
        select *
        from UBI_B_REPORTDATA
        <where>
            <if test="taskId != null">
                task_id = #{taskId}
            </if>
            <if test="viewid != null">
                viewid = #{viewid}
            </if>
            <if test="nodeid != null">
                nodeid = #{nodeid}
            </if>
        </where>
    </select>
    <!--添加周期报表统计数据-->
    <insert id="batchAddReportData">
        INSERT INTO UBI_B_REPORTDATA
        (
         id,
         task_id,
         viewid,
         view_name,
         chartid,
         chart_name,
         chart_algorthm,
         chart_type,
         nodeid,
         chart_data,
         lt
         ) VALUES
        <foreach collection="list" item="reportData" index="index" separator=",">
            (
             #{reportData.id},
             #{reportData.taskId},
             #{reportData.viewid},
             #{reportData.viewName},
             #{reportData.chartid},
             #{reportData.chartName},
             #{reportData.chartAlgorthm},
             #{reportData.chartType},
             #{reportData.nodeid},
             #{reportData.chartData,jdbcType=OTHER,typeHandler=com.neoway.iot.bi.common.handler.JsonTypeHandler},
             #{reportData.lt}
            )
        </foreach>
    </insert>
</mapper>