<?xml version="1.0" encoding="UTF-8" ?>
<!DOCTYPE mapper PUBLIC "-//mybatis.org//DTD Mapper 3.0//EN" "http://mybatis.org/dtd/mybatis-3-mapper.dtd" >
<mapper namespace="com.neoway.iot.bi.dao.reportstat.IReportTaskDao" >

    <sql id="baseInfo">
        id, strategy_id strategyId, viewid,view_name viewName, nodeid, dcost, dstatus, gcost, gstatus, scost, sstatus, st, lt
    </sql>

    <!--添加周期报表任务-->
    <insert id="insert">
        INSERT INTO UBI_B_REPORTTASK
        <trim prefix="(" prefixOverrides="," suffix=")" suffixOverrides=",">
            <if test="reportTask.id != null">id, </if>
            <if test="reportTask.strategyId != null">strategy_id, </if>
            <if test="reportTask.viewid != null">viewid, </if>
            <if test="reportTask.viewName != null">view_name, </if>
            <if test="reportTask.nodeid != null">nodeid, </if>
            <if test="reportTask.dcost != null">dcost, </if>
            <if test="reportTask.dstatus != null">dstatus, </if>
            <if test="reportTask.gcost != null">gcost, </if>
            <if test="reportTask.gstatus != null">gstatus, </if>
            <if test="reportTask.scost != null">scost,</if>
            <if test="reportTask.sstatus != null">sstatus,</if>
            <if test="reportTask.st != null">st,</if>
            lt
        </trim>
        <trim prefix="values(" prefixOverrides="," suffix=")" suffixOverrides=",">
            <if test="reportTask.id != null">#{reportTask.id}, </if>
            <if test="reportTask.strategyId != null">#{reportTask.strategyId}, </if>
            <if test="reportTask.viewid != null">#{reportTask.viewid}, </if>
            <if test="reportTask.viewName != null">#{reportTask.viewName}, </if>
            <if test="reportTask.nodeid != null">#{reportTask.nodeid}, </if>
            <if test="reportTask.dcost != null">#{reportTask.dcost}, </if>
            <if test="reportTask.dstatus != null">#{reportTask.dstatus}, </if>
            <if test="reportTask.gcost != null">#{reportTask.gcost}, </if>
            <if test="reportTask.gstatus != null">#{reportTask.gstatus}, </if>
            <if test="reportTask.scost != null">#{reportTask.scost}, </if>
            <if test="reportTask.sstatus != null">#{reportTask.sstatus}, </if>
            <if test="reportTask.st != null">#{reportTask.st}, </if>
            #{reportTask.lt}
        </trim>
    </insert>

    <!--更新周期报表任务-->
    <update id="update">
        UPDATE UBI_B_REPORTTASK
        <set>
        <if test="reportTask.id != null">
            id = #{reportTask.id},
        </if>
        <if test="reportTask.dcost != null">
            dcost = #{reportTask.dcost},
        </if>
        <if test="reportTask.dstatus != null">
            dstatus = #{reportTask.dstatus},
        </if>
        lt = #{reportTask.lt}
        </set>
        WHERE id = #{id}
    </update>
    <delete id="delete">
        delete from UBI_B_REPORTTASK where id = #{id}
    </delete>
    <delete id="del30DayBeforeDay">
        delete from UBI_B_REPORTTASK
        where lt <![CDATA[<=]]> #{st}
    </delete>

    <select id="selectList" resultType="com.neoway.iot.bi.common.domain.reportstat.ReportTask">
        select <include refid="baseInfo"/>
        from UBI_B_REPORTTASK
        <where>
            <if test="id != null">
                id = #{id}
            </if>
            <if test="viewid != null">
                and viewid = #{viewid}
            </if>
            <if test="nodeid != null">
                and nodeid = #{nodeid}
            </if>
            <if test="dstatus != null">
                and dstatus = #{dstatus}
            </if>
            <if test="gstatus != null">
                and gstatus = #{gstatus}
            </if>
            <if test="sstatus != null">
                and sstatus = #{sstatus}
            </if>
        </where>
    </select>
    <select id="getChartByViewId" resultType="java.lang.String">
        SELECT chart FROM UBI_B_VIEW WHERE viewid = #{viewid}
    </select>

    <update id="updateBySelective">
        update UBI_B_REPORTTASK set
        <trim prefix="" prefixOverrides="," suffix="" suffixOverrides=",">
            <if test="reportTask.viewid != null">viewid = #{reportTask.viewid}, </if>
            <if test="reportTask.viewName != null">view_name = #{reportTask.viewName}, </if>
            <if test="reportTask.nodeid != null">nodeid = #{reportTask.nodeid}, </if>
            <if test="reportTask.dcost != null">dcost = #{reportTask.dcost}, </if>
            <if test="reportTask.dstatus != null">dstatus = #{reportTask.dstatus}, </if>
            <if test="reportTask.gcost != null">gcost = #{reportTask.gcost}, </if>
            <if test="reportTask.gstatus != null">gstatus = #{reportTask.gstatus}, </if>
            <if test="reportTask.scost != null">scost = #{reportTask.scost}, </if>
            <if test="reportTask.sstatus != null">sstatus = #{reportTask.sstatus}, </if>
            <if test="reportTask.st != null">st = #{reportTask.st}, </if>
            lt = #{reportTask.lt}
        </trim>
        where id = #{reportTask.id}
    </update>

    <select id="selectTimeUpReportTaskList" resultType="com.neoway.iot.bi.common.domain.reportstat.ReportTask">
        SELECT <include refid="baseInfo"/>
        FROM UBI_B_REPORTTASK
        WHERE 1=1 and st <![CDATA[<=]]> #{reportTask.st} and dstatus = #{reportTask.dstatus}
    </select>

    <select id="getDstatusByStateId" resultType="java.lang.Integer">
        SELECT dstatus FROM UBI_B_REPORTTASK WHERE  strategy_id = #{id}
    </select>
</mapper>