<?xml version="1.0" encoding="UTF-8"?>
<!--Instance信息-->
<ci>
    <!--Instance对象-->
    <id>Instance</id>
    <!--对象名称-->
    <name>感知设备实例</name>
    <!--国际化词条-->
    <i18n_key>ies.urm.Instance.metaCI</i18n_key>
    <!--描述-->
    <description>${ioc.urm.Instance.desc}</description>
    <type>D</type>
    <!--指令集合-->
    <actions>
        <action>
            <!--添加-->
            <id>Add</id>
            <!--指令名称-->
            <name>添加</name>
            <!-- 国际化词条 -->
            <i18n_key>ies.urm.System.action.Add</i18n_key>
            <!--指令类型【System、Device】-->
            <type>System</type>
            <!--指令域【Static、Instance】-->
            <domain>Static</domain>
            <!--指令级别【Major、Normal】-->
            <severity>Normal</severity>
            <!--分组【MgrOper(管理操作)、UplinkDataDevice(设备数据上报)、UplinkDataNetwork(网络数据上报)、UplinkDataBusiness(业务数据上报)、UplinkEvent(事件上报)、DownlinkCommand(指令下发)、DownlinkCommandRsp(指令下发响应)】-->
            <group>MgrOper</group>
            <!--是否在页面显示-->
            <display>false</display>
        </action>
        <action>
            <!--删除-->
            <id>Delete</id>
            <!--指令名称-->
            <name>删除</name>
            <!-- 国际化词条 -->
            <i18n_key>ies.urm.System.action.Delete</i18n_key>
            <!--指令类型【System、Device】-->
            <type>System</type>
            <!--指令域【Static、Instance】-->
            <domain>Instance</domain>
            <!--指令级别【Major、Normal】-->
            <severity>Normal</severity>
            <!--分组【MgrOper(管理操作)、UplinkDataDevice(设备数据上报)、UplinkDataNetwork(网络数据上报)、UplinkDataBusiness(业务数据上报)、UplinkEvent(事件上报)、DownlinkCommand(指令下发)、DownlinkCommandRsp(指令下发响应)】-->
            <group>MgrOper</group>
            <!--是否在页面显示-->
            <display>true</display>
            <!--显示顺序-->
            <sort>3</sort>
        </action>
        <action>
            <!--查询-->
            <id>Query</id>
            <!--指令名称-->
            <name>查询</name>
            <!-- 国际化词条 -->
            <i18n_key>ies.urm.System.action.Query</i18n_key>
            <!--指令类型【System、Device】-->
            <type>System</type>
            <!--指令域【Static、Instance】-->
            <domain>Static</domain>
            <!--指令级别【Major、Normal】-->
            <severity>Normal</severity>
            <!--分组【MgrOper(管理操作)、UplinkDataDevice(设备数据上报)、UplinkDataNetwork(网络数据上报)、UplinkDataBusiness(业务数据上报)、UplinkEvent(事件上报)、DownlinkCommand(指令下发)、DownlinkCommandRsp(指令下发响应)】-->
            <group>MgrOper</group>
            <!--是否在页面显示-->
            <display>false</display>
        </action>
        <action>
            <!--详情-->
            <id>Get</id>
            <!--指令名称-->
            <name>详情</name>
            <!-- 国际化词条 -->
            <i18n_key>ies.urm.System.action.Get</i18n_key>
            <!--指令类型【System、Device】-->
            <type>System</type>
            <!--指令域【Static、Instance】-->
            <domain>Instance</domain>
            <!--指令级别【Major、Normal】-->
            <severity>Normal</severity>
            <!--分组【MgrOper(管理操作)、UplinkDataDevice(设备数据上报)、UplinkDataNetwork(网络数据上报)、UplinkDataBusiness(业务数据上报)、UplinkEvent(事件上报)、DownlinkCommand(指令下发)、DownlinkCommandRsp(指令下发响应)】-->
            <group>MgrOper</group>
            <!--是否在页面显示-->
            <display>true</display>
            <!--显示顺序-->
            <sort>4</sort>
        </action>
        <action>
            <!--修改-->
            <id>Update</id>
            <!--指令名称-->
            <name>修改</name>
            <!-- 国际化词条 -->
            <i18n_key>ies.urm.System.action.Update</i18n_key>
            <!--指令类型【System、Device】-->
            <type>System</type>
            <!--指令域【Static、Instance】-->
            <domain>Instance</domain>
            <!--指令级别【Major、Normal】-->
            <severity>Normal</severity>
            <!--分组【MgrOper(管理操作)、UplinkDataDevice(设备数据上报)、UplinkDataNetwork(网络数据上报)、UplinkDataBusiness(业务数据上报)、UplinkEvent(事件上报)、DownlinkCommand(指令下发)、DownlinkCommandRsp(指令下发响应)】-->
            <group>MgrOper</group>
            <!--是否在页面显示-->
            <display>true</display>
            <!--显示顺序-->
            <sort>5</sort>
        </action>
        <action>
            <!--指令ID-->
            <id>DownlinkDiscover</id>
            <!--指令名称-->
            <name>自动发现</name>
            <!-- 国际化词条 -->
            <i18n_key>ies.urm.System.action.DownlinkDiscover</i18n_key>
            <!--指令类型【System、Device】-->
            <type>System</type>
            <!--指令域【Static、Instance】-->
            <domain>Static</domain>
            <!--指令级别【Major、Normal】-->
            <severity>Normal</severity>
            <!--分组【MgrOper(管理操作)、UplinkDataDevice(设备数据上报)、UplinkDataNetwork(网络数据上报)、UplinkDataBusiness(业务数据上报)、UplinkEvent(事件上报)、DownlinkCommand(指令下发)、DownlinkCommandRsp(指令下发响应)】-->
            <group>MgrOper</group>
            <!--是否在页面显示-->
            <display>false</display>
        </action>
    </actions>
    <attrs>
        <attr>
            <id>type</id>
            <name>设备类型</name>
            <i18n_key>ies.urm.Instance.attr.type</i18n_key>
            <type>string</type>
            <is_search_condition>true</is_search_condition>
            <support_action>
                <![CDATA[
	    Query,Get,Delete,Update,Add
      ]]>
            </support_action>
        </attr>
        <attr>
            <id>instanceid</id>
            <name>设备ID</name>
            <i18n_key>ies.urm.Instance.attr.instanceid</i18n_key>
            <type>string</type>
            <is_primary>true</is_primary>
            <support_action>
                <![CDATA[
	    Query,Get,Add
      ]]>
            </support_action>
        </attr>
        <attr>
            <id>name</id>
            <name>设备名称</name>
            <i18n_key>ies.urm.Instance.attr.name</i18n_key>
            <type>string</type>
            <is_search_condition>true</is_search_condition>
            <support_action>
                <![CDATA[
	    Query,Get,Delete,Update,Add
      ]]>
            </support_action>
        </attr>
        <attr>
            <id>nativeid</id>
            <name>设备原始标识</name>
            <i18n_key>ies.urm.Instance.attr.nativeid</i18n_key>
            <type>string</type>
            <support_action>
                <![CDATA[
	    Query,Get,Delete,Update,Add
      ]]>
            </support_action>
        </attr>
        <attr>
            <id>gw_nativeid</id>
            <name>网关分配ID</name>
            <i18n_key>ies.urm.Instance.attr.gw_nativeid</i18n_key>
            <type>string</type>
            <support_action>
                <![CDATA[
	    Query,Get,Delete,Update,Add
      ]]>
            </support_action>
        </attr>
        <attr>
            <id>protocol</id>
            <name>设备接入协议</name>
            <i18n_key>ies.urm.Instance.attr.protocol</i18n_key>
            <type>string</type>
            <support_action>
                <![CDATA[
	    Query,Get,Delete,Update,Add
      ]]>
            </support_action>
        </attr>
        <attr>
            <id>access_type</id>
            <name>设备接入方式</name>
            <i18n_key>ies.urm.Instance.attr.access_type</i18n_key>
            <type>string</type>
            <support_action>
                <![CDATA[
	    Query,Get,Delete,Update,Add
      ]]>
            </support_action>
        </attr>
        <attr>
            <id>systemid</id>
            <name>设备来源系统</name>
            <i18n_key>ies.urm.Instance.attr.systemid</i18n_key>
            <type>string</type>
            <support_action>
                <![CDATA[
	    Query,Get,Delete,Update,Add
      ]]>
            </support_action>
        </attr>
        <attr>
            <id>region</id>
            <name>设备来源region</name>
            <i18n_key>ies.urm.Instance.attr.region</i18n_key>
            <type>string</type>
            <support_action>
                <![CDATA[
	    Query,Get,Delete,Update,Add
      ]]>
            </support_action>
        </attr>
        <attr>
            <id>system_type</id>
            <name>设备来源系统类型</name>
            <i18n_key>ies.urm.Instance.attr.system_type</i18n_key>
            <type>string</type>
            <support_action>
                <![CDATA[
	    Query,Get,Delete,Update,Add
      ]]>
            </support_action>
        </attr>
        <attr>
            <id>vendor</id>
            <name>设备提供商</name>
            <i18n_key>ies.urm.Instance.attr.vendor</i18n_key>
            <type>string</type>
            <support_action>
                <![CDATA[
	    Query,Get,Delete,Update,Add
      ]]>
            </support_action>
        </attr>
        <attr>
            <id>tenant</id>
            <name>租户</name>
            <i18n_key>ies.urm.Instance.attr.tenant</i18n_key>
            <type>string</type>
            <support_action>
                <![CDATA[
	    Query,Get,Delete,Update,Add
      ]]>
            </support_action>
        </attr>
        <attr>
            <id>run_status</id>
            <name>设备在线状态</name>
            <i18n_key>ies.urm.Instance.attr.run_status</i18n_key>
            <type>string</type>
            <support_action>
                <![CDATA[
	    Query,Get,Delete,Update,Add
      ]]>
            </support_action>
        </attr>
        <attr>
            <id>active_status</id>
            <name>设备激活状态</name>
            <i18n_key>ies.urm.Instance.attr.active_status</i18n_key>
            <type>string</type>
            <display>false</display>
            <support_action>
                <![CDATA[
	    Query,Get,Delete,Update,Add
      ]]>
            </support_action>
        </attr>
        <attr>
            <id>rt</id>
            <name>注册时间</name>
            <i18n_key>ies.urm.Instance.attr.rt</i18n_key>
            <type>int</type>
            <support_action>
                <![CDATA[
	    Query,Get,Delete,Update,Add
      ]]>
            </support_action>
        </attr>
        <attr>
            <id>at</id>
            <name>激活时间</name>
            <i18n_key>ies.urm.Instance.attr.at</i18n_key>
            <type>int</type>
            <display>false</display>
            <support_action>
                <![CDATA[
	    Query,Get,Delete,Update,Add
      ]]>
            </support_action>
        </attr>
        <attr>
            <id>lt</id>
            <name>最后连接时间</name>
            <i18n_key>ies.urm.Instance.attr.lt</i18n_key>
            <type>int</type>
            <support_action>
                <![CDATA[
	    Query,Get,Delete,Update,Add
      ]]>
            </support_action>

        </attr>
    </attrs>
</ci>