<?xml version="1.0" encoding="UTF-8"?>
<Product>
    <!--产品ID-->
    <ID>iotdmp</ID>
    <!--产品名称-->
    <Name>接入云</Name>
    <!--产品描述-->
    <Desc>
        <![CDATA[
	物联网设备接入、管理、维护平台
    ]]>
    </Desc>
    <!--产品提供商-->
    <Vendor>Neoway</Vendor>
    <!--产品提供商名称-->
    <VendorName>深圳市有方科技</VendorName>
    <!--租户命名空间-->
    <Namespace>default</Namespace>
    <!--默认国际化语言-->
    <Language>zh_CN</Language>
</Product>