<?xml version="1.0" encoding="UTF-8"?>
<ds>
    <!--产品领域  网络监测器-->
    <name>智慧城市网络</name>
    <domain>IoT-Intelligent-City-Network</domain>
    <!--产品类别  模组-->
    <device_type>NetCheckDetector</device_type>
    <device_type_name>网络监测器</device_type_name>
    <!--租户-->
    <tenant>Default</tenant>
    <!--产品厂商-->
    <vendor>Neoway</vendor>
    <!--产品厂商名称-->
    <vendor_name>有方科技</vendor_name>
    <versions>
        <v>
            <!--设备型号-->
            <version>V100</version>
            <!--接入方式-->
            <access_type>DIRECT</access_type>
            <!--接入协议-->
            <protocol>MQTT</protocol>
            <!--消息格式-->
            <payload_type>JSON</payload_type>
            <!--连通性检测周期-->
            <health_interval>600</health_interval>
            <!--检测模板-->
            <health_templateId></health_templateId>
        </v>
    </versions>
</ds>