<?xml version="1.0" encoding="UTF-8"?>
<!--区域位置信息-->
<ci>
    <!--位置信息-->
    <id>RegionCell</id>
    <!--对象名称-->
    <name>区域</name>
    <!--描述-->
    <description>${META.DM.RegionCell.DESC}</description>
    <!--对象类型【N(网络对象),D(设备对象),B(业务对象),M(管理对象)】-->
    <type>M</type>
    <!--指令集合-->
    <actions>
        <action>
            <!--指令ID-->
            <id>Query</id>
            <!--指令名称-->
            <name>查询</name>
            <!--指令类型【System、Device】-->
            <type>System</type>
            <!--指令域【Static、Instance】-->
            <domain>Static</domain>
            <!--指令级别【Major、Normal】-->
            <severity>Normal</severity>
        </action>
        <action>
            <!--指令ID-->
            <id>Add</id>
            <!--指令名称-->
            <name>注册</name>
            <!--指令类型【System、Device】-->
            <type>System</type>
            <!--指令域【Static、Instance】-->
            <domain>Static</domain>
            <!--指令级别【Major、Normal】-->
            <severity>Normal</severity>
        </action>
        <action>
            <!--指令ID-->
            <id>Update</id>
            <!--指令名称-->
            <name>查询</name>
            <!--指令类型【System、Device】-->
            <type>System</type>
            <!--指令域【Static、Instance】-->
            <domain>Static</domain>
            <!--指令级别【Major、Normal】-->
            <severity>Normal</severity>
        </action>
        <action>
            <!--指令ID-->
            <id>Delete</id>
            <!--指令名称-->
            <name>注册</name>
            <!--指令类型【System、Device】-->
            <type>System</type>
            <!--指令域【Static、Instance】-->
            <domain>Static</domain>
            <!--指令级别【Major、Normal】-->
            <severity>Normal</severity>
        </action>
    </actions>
    <attrs>
        <attr>
            <id>instanceid</id>
            <name>地址ID</name>
            <type>long</type>
            <is_primary>true</is_primary>
            <support_action>
                <![CDATA[
	    Register,Query
      ]]>
            </support_action>
        </attr>
        <attr>
            <id>nativeid</id>
            <name>地址名称</name>
            <type>string</type>
            <is_search_condition>true</is_search_condition>
            <support_action>
                <![CDATA[
	    Register,Query
      ]]>
            </support_action>
        </attr>
        <attr>
            <id>adcode</id>
            <name>地址编码</name>
            <type>string</type>
            <is_search_condition>true</is_search_condition>
            <support_action>
                <![CDATA[
	    Register,Query
      ]]>
            </support_action>
        </attr>
        <attr>
            <id>country</id>
            <name>国家</name>
            <type>string</type>
            <support_action>
                <![CDATA[
	    Register,Query
      ]]>
            </support_action>
        </attr>
        <attr>
            <id>province</id>
            <name>省份</name>
            <type>string</type>
            <support_action>
                <![CDATA[
	    Register,Query
      ]]>
            </support_action>
        </attr>
        <attr>
            <id>city</id>
            <name>城市</name>
            <type>string</type>
            <support_action>
                <![CDATA[
	    Register,Query
      ]]>
            </support_action>
        </attr>
        <attr>
            <id>city_code</id>
            <name>城市编码</name>
            <type>string</type>
            <support_action>
                <![CDATA[
	    Register,Query
      ]]>
            </support_action>

        </attr>
        <attr>
            <id>district</id>
            <name>县区</name>
            <type>string</type>
            <support_action>
                <![CDATA[
	    Register,Query
      ]]>
            </support_action>

        </attr>
        <attr>
            <id>street</id>
            <name>街道</name>
            <type>string</type>
            <support_action>
                <![CDATA[
	    Register,Query
      ]]>
            </support_action>

        </attr>
        <attr>
            <id>street_number</id>
            <name>街道编码</name>
            <type>string</type>
            <support_action>
                <![CDATA[
	    Register,Query
      ]]>
            </support_action>

        </attr>
        <attr>
            <id>town</id>
            <name>乡镇</name>
            <type>string</type>
            <support_action>
                <![CDATA[
	    Register,Query
      ]]>
            </support_action>

        </attr>
        <attr>
            <id>town_code</id>
            <name>乡镇编码</name>
            <type>string</type>
            <support_action>
                <![CDATA[
	    Register,Query
      ]]>
            </support_action>

        </attr>
        <attr>
            <id>lt</id>
            <name>更新时间</name>
            <type>int</type>
            <support_action>
                <![CDATA[
	    Register,Query
      ]]>
            </support_action>

        </attr>
    </attrs>
</ci>