<?xml version="1.0" encoding="UTF-8"?>
<!--运营商-->
<ci>
    <!--运营商-->
    <id>Plmn</id>
    <!--对象名称-->
    <name>运营商</name>
    <!--描述-->
    <description>${ioc.urm.Plmn.desc}</description>
    <type>N</type>
    <!--指令集合-->
    <actions>
        <action>
            <!--指令ID-->
            <id>Query</id>
            <!--指令名称-->
            <name>查询</name>
            <!--指令类型【System、Device】-->
            <type>System</type>
            <!--指令域【Static、Instance】-->
            <domain>Static</domain>
            <!--指令级别【Major、Normal】-->
            <severity>Normal</severity>
        </action>
    </actions>
    <attrs>
        <attr>
            <id>instanceid</id>
            <name>ID</name>
            <type>long</type>
            <is_primary>true</is_primary>
            <support_action>
                <![CDATA[
	    Query
      ]]>
            </support_action>
        </attr>
        <attr>
            <id>nativeid</id>
            <name>运营商PLMN号</name>
            <type>int</type>
            <support_action>
                <![CDATA[
	    Query
      ]]>
            </support_action>
        </attr>
        <attr>
            <id>brand</id>
            <name>Brand</name>
            <type>string</type>
            <support_action>
                <![CDATA[
	    Query
      ]]>
            </support_action>
        </attr>
        <attr>
            <id>name</id>
            <name>运营商名称</name>
            <type>string</type>
            <support_action>
                <![CDATA[
	    Query
      ]]>
            </support_action>
        </attr>
        <attr>
            <id>country</id>
            <name>国家</name>
            <type>string</type>
            <support_action>
                <![CDATA[
	    Query
      ]]>
            </support_action>
        </attr>
        <attr>
            <id>desc</id>
            <name>描述</name>
            <type>string</type>
            <support_action>
                <![CDATA[
	    Query
      ]]>
            </support_action>
        </attr>
        <attr>
            <id>lt</id>
            <name>更新时间</name>
            <type>int</type>
            <support_action>
                <![CDATA[
	    Query
      ]]>
            </support_action>

        </attr>
    </attrs>
</ci>