<?xml version="1.0" encoding="UTF-8"?>
<Model>
    <!--产品ID-->
    <ID>Car</ID>
    <!--产品名称-->
    <Name>车联网</Name>
    <!--产品描述-->
    <Desc>
        <![CDATA[
	车联网专属资源模型
    ]]>
    </Desc>
    <!--产品提供商-->
    <Vendor>Neoway</Vendor>
    <!--产品提供商名称-->
    <VendorName>深圳市有方科技</VendorName>
    <!--租户命名空间-->
    <Namespace>default</Namespace>
    <!--默认国际化语言-->
    <Language>zh_CN</Language>
</Model>