<?xml version="1.0" encoding="UTF-8" ?>
<!DOCTYPE mapper PUBLIC "-//mybatis.org//DTD Mapper 3.0//EN" "http://mybatis.org/dtd/mybatis-3-mapper.dtd" >
<mapper namespace="com.neoway.iot.bi.dao.node.INodeDao" >

  <insert id="insert">
    insert into UBI_B_NODE
    <trim prefix="(" prefixOverrides="," suffix=")" suffixOverrides=",">
      <if test="node.nid != null">nid, </if>
      <if test="node.ip != null">ip, </if>
      <if test="node.status != null">status, </if>
      lt
    </trim>
    <trim prefix="values(" prefixOverrides="," suffix=")" suffixOverrides=",">
      <if test="node.nid != null">#{node.nid}, </if>
      <if test="node.ip != null">#{node.ip}, </if>
      <if test="node.status != null">#{node.status}, </if>
      #{node.lt}
    </trim>
  </insert>

  <update id="updateBySelective">
    update UBI_B_NODE set
    <trim prefix="" prefixOverrides="," suffix="" suffixOverrides=",">
      <if test="node.ip != null">ip = #{node.ip}, </if>
      <if test="node.status != null">status = #{node.status}, </if>
      lt = #{node.lt}
    </trim>
    where nid = #{node.nid}
  </update>

  <delete id="delete">
    delete from UBI_B_NODE
    where nid = #{nid}
  </delete>

  <select id="selectOne" resultType="com.neoway.iot.bi.common.domain.node.Node">
    select nid, ip, status, lt
    from UBI_B_NODE
    where 1=1
    <if test="nid != null">
      and nid = #{nid}
    </if>
    <if test="ip != null">
      and ip = #{ip}
    </if>
  </select>
  <select id="selectList" resultType="com.neoway.iot.bi.common.domain.node.Node">
    select nid, ip, status, lt
    from UBI_B_NODE
    where 1=1
    <if test="nid != null">
      and nid = #{nid}
    </if>
    <if test="status != null">
      and status = #{status}
    </if>
    order by nid asc
  </select>
</mapper>