<?xml version="1.0" encoding="UTF-8" ?>
<!DOCTYPE mapper PUBLIC "-//mybatis.org//DTD Mapper 3.0//EN" "http://mybatis.org/dtd/mybatis-3-mapper.dtd" >
<mapper namespace="com.neoway.iot.manager.dashboard.mapper.DashboardMapper">

    <resultMap id="BaseResultMap" type="com.neoway.iot.manager.dashboard.bean.Dashboard">
        <result column="code" property="code" jdbcType="VARCHAR"/>
        <result column="name" property="name" jdbcType="VARCHAR"/>
        <result column="desc" property="desc" jdbcType="VARCHAR"/>
        <result column="chart" property="chart" jdbcType="VARCHAR" typeHandler="com.neoway.iot.manager.common.handler.JSONHandler" />
        <result column="lt" property="lt" jdbcType="INTEGER"/>
    </resultMap>
    
    <sql id="Base_Column_List">
        code, name, CI_B_DASHBOARD.desc as "desc", chart, lt
    </sql>


    <select id="queryDashboardList" resultMap="BaseResultMap">
        select
            <include refid="Base_Column_List"/>
        from
            CI_B_DASHBOARD
    </select>

    <select id="queryDashboardByKey" resultMap="BaseResultMap">
        select
            <include refid="Base_Column_List"/>
        from
            CI_B_DASHBOARD
        where
            code = #{code}
    </select>

    <insert id="addDashboard">
        insert into
            CI_B_DASHBOARD
        <trim prefix="(" suffix=")" suffixOverrides=",">
            <if test="dashboard.code != null">
                code,
            </if>
            <if test="dashboard.name != null">
                name,
            </if>
            <if test="dashboard.desc != null">
                CI_B_DASHBOARD.desc,
            </if>
            <if test="dashboard.chart != null">
                chart,
            </if>
                lt
        </trim>
        values
        <trim prefix="(" suffix=")" suffixOverrides=",">
            <if test="dashboard.code != null">
                #{dashboard.code},
            </if>
            <if test="dashboard.name != null">
                #{dashboard.name},
            </if>
            <if test="dashboard.desc != null">
                #{dashboard.desc},
            </if>
            <if test="dashboard.chart != null">
                #{dashboard.chart,jdbcType=VARCHAR,typeHandler=com.neoway.iot.manager.common.handler.JSONHandler},
            </if>
                #{dashboard.lt}
        </trim>

    </insert>

    <update id="updateDashboard">
        update
            CI_B_DASHBOARD
        <set>
            <if test="dashboard.name != null and dashboard.name != ''">
                name = #{dashboard.name},
            </if>
            <if test="dashboard.desc != null and dashboard.desc != ''">
                CI_B_DASHBOARD.desc = #{dashboard.desc},
            </if>
            <if test="dashboard.chart != null">
                chart = #{dashboard.chart,jdbcType=VARCHAR,typeHandler=com.neoway.iot.manager.common.handler.JSONHandler},
            </if>
            lt = #{dashboard.lt}
        </set>
        where
            code = #{dashboard.code}
    </update>

    <update id="saveDashboard">

    </update>

    <delete id="deleteDashboard">
        delete from
            CI_B_DASHBOARD
        where
            code = #{code}
    </delete>


</mapper>