<?xml version="1.0" encoding="UTF-8"?>
<ci>
  <!--对象-->
  <id>LbsCell</id>
  <!--对象名称-->
  <name>资产管理设备</name>
  <!--描述-->
  <description>${META.DM.LbsCell.DESC}</description>
  <!--对象类型【R(资源表),B(业务表)】-->
  <type>R</type>
  <!--指令集合-->
  <actions>
	  <action>
		  <!--指令ID-->
		  <id>Get</id>
		  <!--指令名称-->
		  <name>注册</name>
		  <!--指令类型【System、Device】-->
		  <type>System</type>
		  <!--指令域【Static、Instance】-->
		  <domain>Instance</domain>
		  <!--指令级别【Major、Normal】-->
		  <severity>Normal</severity>
	  </action>
  </actions>
  <attrs>
	  <attr>
		  <id>instanceid</id>
		  <name>资源ID</name>
		  <type>long</type>
          <is_primary>true</is_primary>
		  <support_action>
			  <![CDATA[
	    Get
      ]]>
		  </support_action>
	  </attr>

	  <attr>
		  <id>mcc</id>
		  <name>移动国家码</name>
		  <type>int</type>
		  <support_action>
			  <![CDATA[
	    Get
      ]]>
		  </support_action>
	  </attr>
	  <attr>
		  <id>mnc</id>
		  <name>移动网络号码</name>
		  <type>int</type>
		  <support_action>
			  <![CDATA[
	    Get
      ]]>
		  </support_action>
	  </attr>

	  <attr>
		  <id>serverLac</id>
		  <name>位置区码</name>
		  <type>int</type>
		  <support_action>
			  <![CDATA[
	    Get
      ]]>
		  </support_action>
	  </attr>
	  <attr>
		  <id>serverCellId</id>
		  <name>基站标识</name>
		  <type>int</type>
		  <support_action>
			  <![CDATA[
	    Get
      ]]>
		  </support_action>
	  </attr>
	  <attr>
		  <id>serverCellRssi</id>
		  <name>当前基站接收信号强度</name>
		  <type>int</type>
		  <support_action>
			  <![CDATA[
	    Get
      ]]>
		  </support_action>
	  </attr>
	  <attr>
		  <id>serverCellTa</id>
		  <name>当前基站的Timing Advance</name>
		  <type>int</type>
		  <support_action>
			  <![CDATA[
	    Get
      ]]>
		  </support_action>
	  </attr>
    <attr>
	  <id>neighborCellCnt</id>
      <name>邻基站的数量</name>
	  <type>int</type>
      <support_action>
	  <![CDATA[
	    Get
      ]]>
	  </support_action>
	</attr>
	  <attr>
		  <id>neighborCellList</id>
		  <name>邻基站的列表</name>
		  <type>string</type>
		  <support_action>
			  <![CDATA[
	    Get
      ]]>
		  </support_action>
	  </attr>
	  <attr>
		  <id>lt</id>
		  <name>上报时间戳</name>
		  <type>int</type>
		  <support_action>
			  <![CDATA[
	    Get
      ]]>
		  </support_action>
	  </attr>
  </attrs>
</ci>