<?xml version="1.0" encoding="UTF-8"?>
<ci>
  <!--对象-->
  <id>LbsGnss</id>
  <!--对象名称-->
  <name>资产管理GNSS定位信息</name>
  <!--描述-->
  <description>${META.DM.LbsGnss.DESC}</description>
  <!--对象类型【R(资源表),B(业务表)】-->
  <type>R</type>
  <!--指令集合-->
  <actions>
	  <action>
		  <!--指令ID-->
		  <id>Get</id>
		  <!--指令名称-->
		  <name>注册</name>
		  <!--指令类型【System、Device】-->
		  <type>System</type>
		  <!--指令域【Static、Instance】-->
		  <domain>Instance</domain>
		  <!--指令级别【Major、Normal】-->
		  <severity>Normal</severity>
	  </action>
  </actions>
  <attrs>
	  <attr>
		  <id>instanceid</id>
		  <name>资源ID</name>
		  <type>long</type>
          <is_primary>true</is_primary>
		  <support_action>
			  <![CDATA[
	    Get
      ]]>
		  </support_action>
	  </attr>

	  <attr>
		  <id>latitude</id>
		  <name>纬度</name>
		  <type>long</type>
		  <support_action>
			  <![CDATA[
	    Get
      ]]>
		  </support_action>
	  </attr>
	  <attr>
		  <id>longitude</id>
		  <name>经度</name>
		  <type>long</type>
		  <support_action>
			  <![CDATA[
	    Get
      ]]>
		  </support_action>
	  </attr>
    <attr>
	  <id>altitude</id>
      <name>海拔高度</name>
	  <type>int</type>
      <support_action>
	  <![CDATA[
	    Get
      ]]>
	  </support_action>
	</attr>
	  <attr>
		  <id>speed</id>
		  <name>速度</name>
		  <type>int</type>
		  <support_action>
			  <![CDATA[
	    Get
      ]]>
		  </support_action>
	  </attr>
    <attr>
	  <id>course</id>
      <name>方向</name>
	  <type>int</type>
      <support_action>
	  <![CDATA[
	    Get
      ]]>
	  </support_action>
	</attr>
	  <attr>
		  <id>horizontalDilutionofPrecision</id>
		  <name>水平精度因子</name>
		  <type>int</type>
		  <support_action>
			  <![CDATA[
	    Get
      ]]>
		  </support_action>
	  </attr>
	  <attr>
		  <id>verticalDilutionofPrecision</id>
		  <name>垂直精度因子</name>
		  <type>int</type>
		  <support_action>
			  <![CDATA[
	    Get
      ]]>
		  </support_action>
	  </attr>
    <attr>
	  <id>gpsNum</id>
      <name>卫星数</name>
	  <type>int</type>
      <support_action>
	  <![CDATA[
	    Get
      ]]>
	  </support_action>
	</attr>
    <attr>
	  <id>currentGpsNum</id>
      <name>定位星数</name>
	  <type>int</type>
      <support_action>
	  <![CDATA[
	    Get
      ]]>
	  </support_action>
	</attr>
	  <attr>
		  <id>lt</id>
		  <name>上报时间戳</name>
		  <type>int</type>
		  <support_action>
			  <![CDATA[
	    Get
      ]]>
		  </support_action>
	  </attr>
  </attrs>
</ci>