<?xml version="1.0" encoding="UTF-8"?>
<ci>
  <!--对象-->
  <id>LbsDevice</id>
  <!--对象名称-->
  <name>资产管理设备</name>
  <!--描述-->
  <description>${META.DM.LbsDevice.DESC}</description>
  <!--对象类型【R(资源表),B(业务表)】-->
  <type>R</type>
  <!--指令集合-->
  <actions>
	  <action>
		  <!--指令ID-->
		  <id>Get</id>
		  <!--指令名称-->
		  <name>注册</name>
		  <!--指令类型【System、Device】-->
		  <type>System</type>
		  <!--指令域【Static、Instance】-->
		  <domain>Instance</domain>
		  <!--指令级别【Major、Normal】-->
		  <severity>Normal</severity>
	  </action>
  </actions>
  <attrs>
	  <attr>
		  <id>instanceid</id>
		  <name>资源ID</name>
		  <type>long</type>
          <is_primary>true</is_primary>
		  <support_action>
			  <![CDATA[
	    Get
      ]]>
		  </support_action>
	  </attr>

	  <attr>
		  <id>encryptionType</id>
		  <name>加密方式</name>
		  <type>string</type>
		  <support_action>
			  <![CDATA[
	    Get
      ]]>
		  </support_action>
	  </attr>
    <attr>
	  <id>softwareVer</id>
      <name>软件版本号</name>
	  <type>string</type>
      <support_action>
	  <![CDATA[
	    Get
      ]]>
	  </support_action>
	</attr>
	  <attr>
		  <id>simIccid</id>
		  <name>ICCID</name>
		  <type>string</type>
		  <support_action>
			  <![CDATA[
	    Get
      ]]>
		  </support_action>
	  </attr>
    <attr>
	  <id>simImsi</id>
      <name>IMSI</name>
	  <type>string</type>
      <support_action>
	  <![CDATA[
	    Get
      ]]>
	  </support_action>
	</attr>
	  <attr>
		  <id>updateInfo</id>
		  <name>固件版本升级信息</name>
		  <type>string</type>
		  <support_action>
			  <![CDATA[
	    Get
      ]]>
		  </support_action>
	  </attr>
	  <attr>
		  <id>trackerMode</id>
		  <name>追踪模式</name>
		  <type>int</type>
		  <support_action>
			  <![CDATA[
	    Get
      ]]>
		  </support_action>
	  </attr>
    <attr>
	  <id>newServerUrl</id>
      <name>新的服务器URL</name>
	  <type>string</type>
      <support_action>
	  <![CDATA[
	    Get
      ]]>
	  </support_action>
	</attr>
    <attr>
	  <id>pdpProfile</id>
      <name>PDP profile</name>
	  <type>string</type>
      <support_action>
	  <![CDATA[
	    Get
      ]]>
	  </support_action>
	</attr>
	  <attr>
		  <id>locationMode</id>
		  <name>定位方式</name>
		  <type>string</type>
		  <support_action>
			  <![CDATA[
	    Get
      ]]>
		  </support_action>
	  </attr>
	  <attr>
		  <id>reportMode</id>
		  <name>GPS数据上报模式</name>
		  <type>int</type>
		  <support_action>
			  <![CDATA[
	    Get
      ]]>
		  </support_action>
	  </attr>
  </attrs>
</ci>