<?xml version="1.0" encoding="UTF-8"?>
<!--事件元数据-->
<ci>
    <!--事件元数据-->
    <id>Em_Meta</id>
    <!--对象名称-->
    <name>事件元数据</name>
    <!--描述-->
    <description>${ioc.monitor.EmMeta.desc}</description>
    <!--对象类型【R(资源表),B(业务表)】-->
    <type>B</type>
    <!--指令集合-->
    <actions>
        <action>
            <!--指令ID-->
            <id>Query</id>
            <!--指令名称-->
            <name>查询</name>
            <!--指令类型【System、Device】-->
            <type>System</type>
            <!--指令域【Static、Instance】-->
            <domain>Static</domain>
            <!--指令级别【Major、Normal】-->
            <severity>Normal</severity>
        </action>
        <action>
            <!--指令ID-->
            <id>DownlinkDiscover</id>
            <!--指令名称-->
            <name>${ioc.cm.Meta.Add.name}</name>
            <!--指令类型【System、Device】-->
            <type>System</type>
            <!--指令域【Static、Instance】-->
            <domain>Static</domain>
            <!--指令级别【Major、Normal】-->
            <severity>Normal</severity>
        </action>
    </actions>
    <attrs>
        <attr>
            <id>ns</id>
            <name>产品域</name>
            <type>string</type>
            <support_action>
                <![CDATA[
	    Query
      ]]>
            </support_action>
        </attr>
        <attr>
            <id>eventid</id>
            <name>事件ID</name>
            <is_primary>true</is_primary>
            <type>int</type>
            <support_action>
                <![CDATA[
	    Query
      ]]>
            </support_action>
        </attr>
        <attr>
            <id>event_name</id>
            <name>事件名称</name>
            <type>string</type>
            <support_action>
                <![CDATA[
	    Query
      ]]>
            </support_action>
        </attr>
        <attr>
            <id>event_category</id>
            <name>事件分组</name>
            <type>string</type>
            <support_action>
                <![CDATA[
	    Query
      ]]>
            </support_action>
        </attr>
        <attr>
            <id>event_type</id>
            <name>事件类别</name>
            <type>string</type>
            <support_action>
                <![CDATA[
	    Query
      ]]>
            </support_action>
        </attr>
        <attr>
            <id>event_severity</id>
            <name>事件级别</name>
            <type>string</type>
            <support_action>
                <![CDATA[
	    Query
      ]]>
            </support_action>
        </attr>
        <attr>
            <id>direction</id>
            <name>事件类型</name>
            <type>string</type>
            <support_action>
                <![CDATA[
	    Query
      ]]>
            </support_action>
        </attr>
        <attr>
            <id>alarm_check_rule</id>
            <name>转告警检测条件</name>
            <type>string</type>
            <support_action>
                <![CDATA[
	    Query
      ]]>
            </support_action>
        </attr>
        <attr>
            <id>lt</id>
            <name>更新时间</name>
            <type>int</type>
            <support_action>
                <![CDATA[
	    Query
      ]]>
            </support_action>
        </attr>
    </attrs>
</ci>