<?xml version="1.0" encoding="UTF-8"?>
<!--指标元数据信息-->
<ci>
    <!--指标元数据信息-->
    <id>Pm_Meta</id>
    <!--对象名称-->
    <name>PmMeta</name>
    <!--描述-->
    <description>${ioc.monitor.PmMeta.desc}</description>
    <!--对象类型【R(资源表),B(业务表)】-->
    <type>B</type>
    <!--指令集合-->
    <actions>
        <action>
            <!--指令ID-->
            <id>Query</id>
            <!--指令名称-->
            <name>查询</name>
            <!--指令类型【System、Device】-->
            <type>System</type>
            <!--指令域【Static、Instance】-->
            <domain>Static</domain>
            <!--指令级别【Major、Normal】-->
            <severity>Normal</severity>
        </action>
        <action>
            <!--指令ID-->
            <id>DownlinkDiscover</id>
            <!--指令名称-->
            <name>${ioc.cm.Meta.Add.name}</name>
            <!--指令类型【System、Device】-->
            <type>System</type>
            <!--指令域【Static、Instance】-->
            <domain>Static</domain>
            <!--指令级别【Major、Normal】-->
            <severity>Normal</severity>
        </action>
    </actions>
    <attrs>
        <attr>
            <id>code</id>
            <name>指标编码</name>
            <type>long</type>
            <is_primary>true</is_primary>
            <support_action>
                <![CDATA[
	    Query
      ]]>
            </support_action>
        </attr>
        <attr>
            <id>ns</id>
            <name>产品域</name>
            <type>string</type>
            <support_action>
                <![CDATA[
	    Query
      ]]>
            </support_action>
        </attr>
        <attr>
            <id>rtype</id>
            <name>对象</name>
            <type>string</type>
            <support_action>
                <![CDATA[
	    Query
      ]]>
            </support_action>
        </attr>
        <attr>
            <id>metric</id>
            <name>指标</name>
            <type>string</type>
            <support_action>
                <![CDATA[
	    Query
      ]]>
            </support_action>
        </attr>
        <attr>
            <id>metric_name</id>
            <name>指标名称</name>
            <type>string</type>
            <support_action>
                <![CDATA[
	    Query
      ]]>
            </support_action>
        </attr>
        <attr>
            <id>group</id>
            <name>指标分组</name>
            <type>string</type>
            <support_action>
                <![CDATA[
	    Query
      ]]>
            </support_action>
        </attr>
        <attr>
            <id>group_name</id>
            <name>指标分组名称</name>
            <type>string</type>
            <support_action>
                <![CDATA[
	    Query
      ]]>
            </support_action>
        </attr>
        <attr>
            <id>type</id>
            <name>指标类型</name>
            <type>string</type>
            <support_action>
                <![CDATA[
	    Query
      ]]>
            </support_action>
        </attr>
        <attr>
            <id>unit</id>
            <name>指标单位</name>
            <type>string</type>
            <support_action>
                <![CDATA[
	    Query
      ]]>
            </support_action>
        </attr>
        <attr>
            <id>desc</id>
            <name>指标描述</name>
            <type>string</type>
            <support_action>
                <![CDATA[
	    Query
      ]]>
            </support_action>
        </attr>
        <attr>
            <id>lt</id>
            <name>更新时间</name>
            <type>int</type>
            <support_action>
                <![CDATA[
	    Register,Query
      ]]>
            </support_action>

        </attr>
    </attrs>
</ci>