<?xml version="1.0" encoding="UTF-8" ?>
<!DOCTYPE mapper PUBLIC "-//mybatis.org//DTD Mapper 3.0//EN" "http://mybatis.org/dtd/mybatis-3-mapper.dtd" >
<mapper namespace="com.neoway.iot.manager.model.mapper.MpkgFileMapper" >

    <resultMap id="BaseResultMap" type="com.neoway.iot.manager.model.bean.MpkgFile" >
        <id column="id" property="id" jdbcType="INTEGER" />
        <result column="ns" property="ns" jdbcType="VARCHAR" />
        <result column="file_type" property="fileType" jdbcType="INTEGER" />
        <result column="store_type" property="storeType" jdbcType="INTEGER" />
        <result column="file_name" property="fileName" jdbcType="VARCHAR" />
        <result column="file_url" property="fileUrl" jdbcType="VARCHAR" />
        <result column="upload_user_id" property="uploadUserId" jdbcType="VARCHAR" />
        <result column="file_status" property="fileStatus" jdbcType="INTEGER" />
        <result column="create_time" property="createTime" jdbcType="TIMESTAMP" />
        <result column="update_time" property="updateTime" jdbcType="TIMESTAMP" />
    </resultMap>

    <sql id="Base_Column_List" >
        id, ns, file_type, store_type, file_name, file_url, upload_user_id, file_status, create_time, update_time
    </sql>

    <insert id="add">
        <selectKey resultType="java.lang.Integer" keyProperty="id" order="AFTER" >
            SELECT LAST_INSERT_ID()
        </selectKey>
        INSERT INTO tbl_mpkg_file
        (
        ns,
        file_type,
        store_type,
        file_name,
        file_url,
        upload_user_id,
        file_status,
        create_time
        )
        VALUES
        (
        #{file.ns},
        #{file.fileType},
        #{file.storeType},
        #{file.fileName},
        #{file.fileUrl},
        #{file.uploadUserId},
        #{file.fileStatus},
        #{file.createTime}
        )
    </insert>

    <insert id="batchAdd">
        INSERT INTO tbl_mpkg_file
        (
        ns,
        file_type,
        store_type,
        file_name,
        file_url,
        upload_user_id,
        file_status,
        create_time
        )
        VALUES
        <foreach collection="files" item="file" index="index"  separator=",">
            (
            #{file.ns},
            #{file.fileType},
            #{file.storeType},
            #{file.fileName},
            #{file.fileUrl},
            #{file.uploadUserId},
            #{file.fileStatus},
            #{file.createTime}
            )
        </foreach>
    </insert>

    <select id="findFilesByNs" resultType="com.neoway.iot.manager.model.bean.MpkgFile">
        SELECT
        <include refid="Base_Column_List" />
        FROM tbl_mpkg_file
        WHERE ns = #{ns}
    </select>

    <select id="findFileByUrl" resultType="com.neoway.iot.manager.model.bean.MpkgFile">
        SELECT
        <include refid="Base_Column_List" />
        FROM tbl_mpkg_file
        WHERE file_url = #{fileUrl}
    </select>

    <select id="findFilesByStatus" resultType="com.neoway.iot.manager.model.bean.MpkgFile">
        SELECT
        <include refid="Base_Column_List" />
        FROM tbl_mpkg_file
        WHERE file_status = #{status}
    </select>

    <update id="updateFileStatus">
        UPDATE tbl_mpkg_file
        SET file_status = 2
        WHERE file_url = #{fileUrl}
    </update>

    <update id="batchUpdateFileStatus">
        UPDATE tbl_mpkg_file
        SET file_status = 2
        WHERE file_url in
        <foreach collection="files" item="file" separator="," open="(" close=")" index="index">
            #{file.fileUrl}
        </foreach>
    </update>


</mapper>