<?xml version="1.0" encoding="UTF-8"?>
<!--运营商-->
<ci>
    <!--运营商-->
    <id>Plmn</id>
    <!--对象名称-->
    <name>运营商</name>
    <!--描述-->
    <description>${ioc.urm.Plmn.desc}</description>
    <type>N</type>
    <display>false</display>
    <!--指令集合-->
    <actions>
        <action>
            <!--添加-->
            <id>Add</id>
            <!--指令名称-->
            <name>添加</name>
            <!--指令类型【System、Device】-->
            <type>System</type>
            <!--指令域【Static、Instance】-->
            <domain>Static</domain>
            <!--指令级别【Major、Normal】-->
            <severity>Normal</severity>
            <!--分组【MgrOper(管理操作)、UplinkDataDevice(设备数据上报)、UplinkDataNetwork(网络数据上报)、UplinkDataBusiness(业务数据上报)、UplinkEvent(事件上报)、DownlinkCommand(指令下发)、DownlinkCommandRsp(指令下发响应)】-->
            <group>MgrOper</group>
            <!--是否在页面显示-->
            <display>false</display>
        </action>
        <action>
            <!--删除-->
            <id>Delete</id>
            <!--指令名称-->
            <name>删除</name>
            <!--指令类型【System、Device】-->
            <type>System</type>
            <!--指令域【Static、Instance】-->
            <domain>Instance</domain>
            <!--指令级别【Major、Normal】-->
            <severity>Normal</severity>
            <!--分组【MgrOper(管理操作)、UplinkDataDevice(设备数据上报)、UplinkDataNetwork(网络数据上报)、UplinkDataBusiness(业务数据上报)、UplinkEvent(事件上报)、DownlinkCommand(指令下发)、DownlinkCommandRsp(指令下发响应)】-->
            <group>MgrOper</group>
            <!--是否在页面显示-->
            <display>true</display>
            <!--显示顺序-->
            <sort>3</sort>
        </action>
        <action>
            <!--查询-->
            <id>Query</id>
            <!--指令名称-->
            <name>查询</name>
            <!--指令类型【System、Device】-->
            <type>System</type>
            <!--指令域【Static、Instance】-->
            <domain>Static</domain>
            <!--指令级别【Major、Normal】-->
            <severity>Normal</severity>
            <!--分组【MgrOper(管理操作)、UplinkDataDevice(设备数据上报)、UplinkDataNetwork(网络数据上报)、UplinkDataBusiness(业务数据上报)、UplinkEvent(事件上报)、DownlinkCommand(指令下发)、DownlinkCommandRsp(指令下发响应)】-->
            <group>MgrOper</group>
            <!--是否在页面显示-->
            <display>false</display>
        </action>
        <action>
            <!--修改-->
            <id>Update</id>
            <!--指令名称-->
            <name>修改</name>
            <!--指令类型【System、Device】-->
            <type>System</type>
            <!--指令域【Static、Instance】-->
            <domain>Instance</domain>
            <!--指令级别【Major、Normal】-->
            <severity>Normal</severity>
            <!--分组【MgrOper(管理操作)、UplinkDataDevice(设备数据上报)、UplinkDataNetwork(网络数据上报)、UplinkDataBusiness(业务数据上报)、UplinkEvent(事件上报)、DownlinkCommand(指令下发)、DownlinkCommandRsp(指令下发响应)】-->
            <group>MgrOper</group>
            <!--是否在页面显示-->
            <display>true</display>
            <!--显示顺序-->
            <sort>5</sort>
        </action>
        <action>
            <!--指令ID-->
            <id>DownlinkDiscover</id>
            <!--指令名称-->
            <name>自动发现</name>
            <!--指令类型【System、Device】-->
            <type>System</type>
            <!--指令域【Static、Instance】-->
            <domain>Static</domain>
            <!--指令级别【Major、Normal】-->
            <severity>Normal</severity>
            <!--是否在页面显示-->
            <display>false</display>
        </action>
    </actions>
    <attrs>
        <attr>
            <id>instanceid</id>
            <name>ID</name>
            <type>long</type>
            <is_primary>true</is_primary>
            <support_action>
                <![CDATA[
	    Query
      ]]>
            </support_action>
        </attr>
        <attr>
            <id>nativeid</id>
            <name>运营商PLMN号</name>
            <type>int</type>
            <support_action>
                <![CDATA[
	    Query
      ]]>
            </support_action>
        </attr>
        <attr>
            <id>brand</id>
            <name>Brand</name>
            <type>string</type>
            <support_action>
                <![CDATA[
	    Query
      ]]>
            </support_action>
        </attr>
        <attr>
            <id>name</id>
            <name>运营商名称</name>
            <type>string</type>
            <support_action>
                <![CDATA[
	    Query
      ]]>
            </support_action>
        </attr>
        <attr>
            <id>country</id>
            <name>国家</name>
            <type>string</type>
            <support_action>
                <![CDATA[
	    Query
      ]]>
            </support_action>
        </attr>
        <attr>
            <id>desc</id>
            <name>描述</name>
            <type>string</type>
            <support_action>
                <![CDATA[
	    Query
      ]]>
            </support_action>
        </attr>
        <attr>
            <id>lt</id>
            <name>更新时间</name>
            <type>int</type>
            <support_action>
                <![CDATA[
	    Query
      ]]>
            </support_action>

        </attr>
    </attrs>
</ci>
