<?xml version="1.0" encoding="UTF-8"?>
<!DOCTYPE mapper PUBLIC "-//mybatis.org//DTD Mapper 3.0//EN" "http://mybatis.org/dtd/mybatis-3-mapper.dtd">
<mapper namespace="com.neoway.car.logic.dao.IAlarmDao">
  <resultMap id="BaseResultMap" type="AlarmStartEntity">
    <id column="alarm_id" jdbcType="VARCHAR" property="alarmId" />
    <result column="car_id" jdbcType="VARCHAR" property="carId" />
    <result column="equ_id" jdbcType="VARCHAR" property="equId" />
    <result column="dept_id" jdbcType="VARCHAR" property="deptId" />
    <result column="alarm_type" jdbcType="CHAR" property="alarmType" />
    <result column="start_time" jdbcType="TIMESTAMP" property="startTime" />
    <result column="start_lng" jdbcType="INTEGER" property="startLng" />
    <result column="start_lat" jdbcType="INTEGER" property="startLat" />
    <result column="address" jdbcType="VARCHAR" property="address" />
    <result column="isread" jdbcType="CHAR" property="isread" />
    <result column="description" jdbcType="VARCHAR" property="description" />
    <result column="acc" jdbcType="VARCHAR" property="acc" />
    <result column="direation" jdbcType="CHAR" property="direation" />
    <result column="gps_time" jdbcType="VARCHAR" property="gpsTime" />
    <result column="speed" jdbcType="VARCHAR" property="speed" />
    <result column="lbs_flag" jdbcType="CHAR" property="lbsFlag" />
    <result column="mileage" jdbcType="VARCHAR" property="mileage" />
    <result column="online" jdbcType="CHAR" property="online" />
    <result column="sim_signal" jdbcType="VARCHAR" property="simSignal" />
    <result column="idling_duration" jdbcType="VARCHAR" property="idlingDuration"/>
    <result column="link_time" jdbcType="VARCHAR" property="linkTime"/>
    <result column="satellite_num" jdbcType="VARCHAR" property="satelliteNum"/>
  </resultMap>
  <sql id="Base_Column_List">
    alarm_id, car_id,equ_id, dept_id, alarm_type, start_time, start_lng, start_lat, address, 
    isread, description, acc, direation, gps_time, speed, lbs_flag, mileage, online, sim_signal,link_time,idling_duration,satellite_num
  </sql>
  <insert id="insertAlarmStart" parameterType="AlarmStartEntity">
  	INSERT INTO biz_alarm_start
	  	 (alarm_id, car_id,equ_id, dept_id, alarm_type, start_time, start_lng, start_lat, address, 
	   	  isread, description, acc, direation, gps_time, speed, lbs_flag, mileage, online, 
	   	  sim_signal,link_time,idling_duration,satellite_num)
   	VALUES
   		  (#{alarmId},#{carId},#{equId},#{deptId},#{alarmType},#{startTime},#{startLng},#{startLat},#{address},#{isread},
   		  #{description},#{acc},#{direation},#{gpsTime},#{speed},#{lbsFlag},#{mileage},#{online},#{simSignal},#{linkTime},#{idlingDuration},#{satelliteNum})  
  </insert>
  
  <insert id="insertAlarmEnd" parameterType="java.util.Map">
  	INSERT INTO biz_alarm_end
	  	 (alarm_id, end_time, longitude, latitude, end_address)
   	VALUES
   		  (#{alarmId},#{endTime},#{longitude},#{latitude},#{endAddress})  
  </insert>
</mapper>