<?xml version="1.0" encoding="UTF-8"?>
<!DOCTYPE mapper PUBLIC "-//mybatis.org//DTD Mapper 3.0//EN" "http://mybatis.org/dtd/mybatis-3-mapper.dtd">
<mapper namespace="com.neoway.car.logic.dao.IDeviceOrderDao">
	<update id="updateSerialNum" parameterType="java.util.Map">
		update 	biz_device_order 
		set serialNum = #{serialNum,jdbcType=INTEGER} 
		where order_id = #{orderId,jdbcType=VARCHAR}
	</update>
	<update id="updateResult" parameterType="java.util.Map">
		update 	biz_device_order 
		set exec_status = #{result,jdbcType=CHAR} 
		where equ_id = #{equId,jdbcType=VARCHAR} 
		and serialNum = #{serialNum,jdbcType=INTEGER}
	</update>
	<update id="updateResultById" parameterType="java.util.Map">
		update 	biz_device_order 
		set exec_status = #{result,jdbcType=CHAR} 
		where order_id = #{orderId,jdbcType=VARCHAR}
	</update>
	
	<!-- 查找需要执行的指令ID列表 -->
	<select id="findToDoOrderList" parameterType="java.lang.String" resultType="java.util.Map">
		SELECT order_id, equ_id,phone, oper_date, order_type, exec_status, oper, ent_id
		FROM biz_device_order
		WHERE (order_type='lbsServerCfg' or order_type='carInfoCfg' or order_type='reportStrategy' or order_type='sbhDeviceUpdate')
		AND equ_id = #{equId,jdbcType=VARCHAR} 
		AND exec_status='-1' 
		AND phone is not null
	</select>
	
	<!-- 根据OrderId查询参数列表 -->
	<select id="findParamsByOrderId" parameterType="java.lang.String" resultType="java.util.Map">
		SELECT order_id,param_code,param_value
		FROM biz_device_order_param
		WHERE order_id = #{orderId,jdbcType=VARCHAR}
	</select>
</mapper>