<?xml version="1.0" encoding="UTF-8"?>
<!DOCTYPE mapper PUBLIC "-//mybatis.org//DTD Mapper 3.0//EN" "http://mybatis.org/dtd/mybatis-3-mapper.dtd">
<mapper namespace="com.neoway.car.logic.dao.IEquDao">
    <select id="queryEquByPhone" resultType="java.util.Map" parameterType="java.lang.String">
        select
            auth_code authCode,
            equ_id equId,
            ent_id entId,
            dept_id deptId,
            super_video superVideo,
            model_id modelId,
            equ_id equId
        from eoms_equipment
        where phone = #{phone}
    </select>
    <select id="queryCarEquByPhone" resultType="java.util.Map" parameterType="java.lang.String">
        SELECT
            car.car_id carId,
            car.car_num carNum,
            equ.equ_id equId,
            equ.auth_code authCode,
            equ.dept_id deptId
        FROM
            eoms_equipment equ
                LEFT JOIN
                biz_vehicle_equ_map carmap
                ON equ.equ_id = carmap.equ_id
                LEFT JOIN
                biz_vehicle car
                ON carmap.car_id = car.car_id
        WHERE equ.phone= #{phone}
    </select>

    <select id="queryConfigById" resultType="java.util.Map" parameterType="java.lang.String">
        SELECT
            equ_id equId,
            phone phone,
            fixed_report_time fixedReportTime,
            knocked_report_time knockedReportTime,
            shake_threshold shakeThreshold,
            temperature_detect_cycle temperatureDetectCycle,
            temperature_threshold temperatureThreshold,
            low_battery_threshold lowBatteryThreshold,
            low_battery_threshold_unit lowBatteryThresholdUnit,
            teardown_alarm teardownAlarm,
            low_battery_alarm lowBatteryAlarm,
            temperature_alarm temperatureAlarm,
            shake_alarm shakeAlarm,
            mcu_switch mcuSwitch,
            module_switch moduleSwitch,
            blueteeth_switch blueteethSwitch,
            flow_switch flowSwitch,
            flow_interval flowInterval,
            update_info updateInfo
        FROM biz_low_power_config
        WHERE equ_id = #{equId}
    </select>

    <update id="updateMcuSwitch">
        UPDATE biz_low_power_config
        SET mcu_switch = 0
        WHERE equ_id = #{equId}
    </update>

    <update id="updateAuthCode" parameterType="java.util.Map">
        update eoms_equipment
        set auth_code = #{authCode}
        where equ_id = #{equId}
    </update>

    <insert id="insertObdData" parameterType="java.util.Map">
        INSERT INTO biz_obd_data
            (
             equ_id,
             car_num,
             phone,
             sensor_3d,
             rtc,
             flash,
             gps_module,
             can,
             obd,
             bus,
             <if test="ect != null and ect != ''">
             ect,
             </if>
             <if test="intakePressure != null and intakePressure != ''">
             intake_pressure,
             </if>
             <if test="rotationRate != null and rotationRate != ''">
             rotation_rate,
             </if>
             <if test="carSpeed != null and carSpeed != ''">
             car_speed,
             </if>
             <if test="inletTemperature != null and inletTemperature != ''">
             inlet_temperature,
             </if>
             <if test="airDischarge != null and airDischarge != ''">
             air_discharge,
             </if>
             <if test="absoluteThrottlePosition != null and absoluteThrottlePosition != ''">
             absolute_throttle_position,
             </if>
             <if test="remainingOil != null and remainingOil != ''">
             remaining_oil,
             </if>
             car_voltage,
             terminal_battery_voltage,
             up_time
            )
            VALUES
            (
             #{equId},
             #{carNum},
             #{phone},
             #{sensorOf3D},
             #{rtc},
             #{flash},
             #{gpsModule},
             #{can},
             #{obd},
             #{bus},
            <if test="ect != null and ect != ''">
             #{ect},
            </if>
            <if test="intakePressure != null and intakePressure != ''">
             #{intakePressure},
            </if>
            <if test="rotationRate != null and rotationRate != ''">
             #{rotationRate},
            </if>
            <if test="carSpeed != null and carSpeed != ''">
             #{carSpeed},
            </if>
            <if test="inletTemperature != null and inletTemperature != ''">
             #{inletTemperature},
            </if>
            <if test="airDischarge != null and airDischarge != ''">
             #{airDischarge},
            </if>
            <if test="absoluteThrottlePosition != null and absoluteThrottlePosition != ''">
             #{absoluteThrottlePosition},
            </if>
            <if test="remainingOil != null and remainingOil != ''">
             #{remainingOil},
            </if>
             #{carVoltage},
             #{terminalBatteryVoltage},
             NOW()
            )
    </insert>

    <insert id="insertStartTrip" parameterType="java.util.Map">
        INSERT INTO biz_obd_travel
            (
             equ_id,
             car_num,
             phone,
             start_time,
             longitude,
             latitude,
             type,
             up_time
            )
            VALUES
            (
             #{equId},
             #{carNum},
             #{phone},
             #{startTime},
             #{longitude},
             #{latitude},
             1,
             NOW()
            )
    </insert>

    <insert id="insertEndTrip" parameterType="java.util.Map">
        INSERT INTO biz_obd_travel
        (
            equ_id,
            car_num,
            phone,
            end_time,
            longitude,
            latitude,
            type,
            up_time
        )
        VALUES
        (
            #{equId},
            #{carNum},
            #{phone},
            #{endTime},
            #{longitude},
            #{latitude},
            2,
            NOW()
        )
    </insert>

    <insert id="insertWholeTrip" parameterType="java.util.Map">
        INSERT INTO biz_obd_travel
        (
            equ_id,
            car_num,
            phone,
            start_time,
            end_time,
            longitude,
            latitude,
            distance,
            oil,
            idle_speed_seconds,
            idle_oil,
            max_speed,
            max_rpm,
            type,
            up_time
        )
        VALUES
        (
            #{equId},
            #{carNum},
            #{phone},
            #{startTime},
            #{endTime},
            #{longitude},
            #{latitude},
            #{distance},
            #{oil},
            #{idleSpeedSeconds},
            #{idleOil},
            #{maxSpeed},
            #{maxRpm},
            3,
            NOW()
        )
    </insert>

    <insert id="insertErrorCode" parameterType="java.util.Map">
        INSERT INTO biz_obd_error_code
        (
            equ_id,
            car_num,
            phone,
            error_code_num,
            error_code,
            up_time
        )
        VALUES
        (
            #{equId},
            #{carNum},
            #{phone},
            #{errorCodeNum},
            #{errorCode},
            NOW()
        )
    </insert>

    <insert id="insertLBSExtendData" parameterType="java.util.Map">
        INSERT INTO biz_low_power_lbs_extend
        (
            equ_id,
            phone,
            mcc,
            mnc,
            server_lac,
            server_cell_id,
            n1_lac,
            n1_cell_id,
            n2_lac,
            n2_cell_id,
            n3_lac,
            n3_cell_id,
            n4_lac,
            n4_cell_id,
            n5_lac,
            n5_cell_id,
            n6_lac,
            n6_cell_id,
            up_time
        )
        VALUES
        (
            #{equId},
            #{phone},
            #{mcc},
            #{mnc},
            #{serverLac},
            #{serverCellId},
            #{n1Lac},
            #{n1CellId},
            #{n2Lac},
            #{n2CellId},
            #{n3Lac},
            #{n3CellId},
            #{n4Lac},
            #{n4CellId},
            #{n5Lac},
            #{n5CellId},
            #{n6Lac},
            #{n6CellId},
            NOW()
        )
    </insert>

    <insert id="insertTerminalExtendProperty" parameterType="java.util.Map">
        INSERT INTO biz_obd_terminal_extend_property
        (
            equ_id,
            car_num,
            phone,
            communication_module_version,
            terminal_software_version,
            bus_protocol_type,
            vin,
            icc_id,
            imsi,
            imei,
            up_time
        )
        VALUES
        (
            #{equId},
            #{carNum},
            #{phone},
            #{communicationModuleVersion},
            #{terminalSoftwareVersion},
            #{busProtocolType},
            #{vin},
            #{iccId},
            #{imsi},
            #{gsmImei},
            NOW()
        )
    </insert>

</mapper>