<?xml version="1.0" encoding="UTF-8"?>
<!--水和污染源监测仪-->
<ci>
    <!--水质监测仪-->
    <id>WaterQualityDetector</id>
    <!--对象名称-->
    <name>水和污染源监测仪</name>
    <!--国际化词条-->
    <i18n_key>ies.urm.WaterQualityDetector.metaCI</i18n_key>
    <!--描述-->
    <description>${ioc.urm.WaterQualityDetector.desc}</description>
    <type>D</type>
    <!--指令集合-->
    <actions>
        <action>
            <!--添加-->
            <id>Add</id>
            <!--指令名称-->
            <name>添加</name>
            <!-- 国际化词条 -->
            <i18n_key>ies.urm.System.action.Add</i18n_key>
            <!--指令类型【System、Device】-->
            <type>System</type>
            <!--指令域【Static、Instance】-->
            <domain>Static</domain>
            <!--指令级别【Major、Normal】-->
            <severity>Normal</severity>
            <!--分组【MgrOper(管理操作)、UplinkDataDevice(设备数据上报)、UplinkDataNetwork(网络数据上报)、UplinkDataBusiness(业务数据上报)、UplinkEvent(事件上报)、DownlinkCommand(指令下发)、DownlinkCommandRsp(指令下发响应)】-->
            <group>MgrOper</group>
            <!--是否在页面显示-->
            <display>true</display>
            <sort>1</sort>
        </action>
        <action>
            <!--删除-->
            <id>Delete</id>
            <!--指令名称-->
            <name>删除</name>
            <!-- 国际化词条 -->
            <i18n_key>ies.urm.System.action.Delete</i18n_key>
            <!--指令类型【System、Device】-->
            <type>System</type>
            <!--指令域【Static、Instance】-->
            <domain>Instance</domain>
            <!--指令级别【Major、Normal】-->
            <severity>Normal</severity>
            <!--分组【MgrOper(管理操作)、UplinkDataDevice(设备数据上报)、UplinkDataNetwork(网络数据上报)、UplinkDataBusiness(业务数据上报)、UplinkEvent(事件上报)、DownlinkCommand(指令下发)、DownlinkCommandRsp(指令下发响应)】-->
            <group>MgrOper</group>
            <!--是否在页面显示-->
            <display>true</display>
            <!--显示顺序-->
            <sort>2</sort>
        </action>
        <action>
            <!--查询-->
            <id>Query</id>
            <!--指令名称-->
            <name>查询</name>
            <!-- 国际化词条 -->
            <i18n_key>ies.urm.System.action.Query</i18n_key>
            <!--指令类型【System、Device】-->
            <type>System</type>
            <!--指令域【Static、Instance】-->
            <domain>Static</domain>
            <!--指令级别【Major、Normal】-->
            <severity>Normal</severity>
            <!--分组【MgrOper(管理操作)、UplinkDataDevice(设备数据上报)、UplinkDataNetwork(网络数据上报)、UplinkDataBusiness(业务数据上报)、UplinkEvent(事件上报)、DownlinkCommand(指令下发)、DownlinkCommandRsp(指令下发响应)】-->
            <group>MgrOper</group>
            <!--是否在页面显示-->
            <display>false</display>
            <sort>3</sort>
        </action>
        <action>
            <!--详情-->
            <id>Get</id>
            <!--指令名称-->
            <name>详情</name>
            <!-- 国际化词条 -->
            <i18n_key>ies.urm.System.action.Get</i18n_key>
            <!--指令类型【System、Device】-->
            <type>System</type>
            <!--指令域【Static、Instance】-->
            <domain>Instance</domain>
            <!--指令级别【Major、Normal】-->
            <severity>Normal</severity>
            <!--分组【MgrOper(管理操作)、UplinkDataDevice(设备数据上报)、UplinkDataNetwork(网络数据上报)、UplinkDataBusiness(业务数据上报)、UplinkEvent(事件上报)、DownlinkCommand(指令下发)、DownlinkCommandRsp(指令下发响应)】-->
            <group>MgrOper</group>
            <!--是否在页面显示-->
            <display>true</display>
            <!--显示顺序-->
            <sort>4</sort>
        </action>
        <action>
            <!--修改-->
            <id>Update</id>
            <!--指令名称-->
            <name>修改</name>
            <!-- 国际化词条 -->
            <i18n_key>ies.urm.System.action.Update</i18n_key>
            <!--指令类型【System、Device】-->
            <type>System</type>
            <!--指令域【Static、Instance】-->
            <domain>Instance</domain>
            <!--指令级别【Major、Normal】-->
            <severity>Normal</severity>
            <!--分组【MgrOper(管理操作)、UplinkDataDevice(设备数据上报)、UplinkDataNetwork(网络数据上报)、UplinkDataBusiness(业务数据上报)、UplinkEvent(事件上报)、DownlinkCommand(指令下发)、DownlinkCommandRsp(指令下发响应)】-->
            <group>MgrOper</group>
            <!--是否在页面显示-->
            <display>true</display>
            <!--显示顺序-->
            <sort>5</sort>
        </action>
        <action>
            <!--导入-->
            <id>Import</id>
            <!--指令名称-->
            <name>导入</name>
            <!-- 国际化词条 -->
            <i18n_key>ies.urm.System.action.Import</i18n_key>
            <!--指令类型【System、Device】-->
            <type>System</type>
            <!--指令域【Static、Instance】-->
            <domain>Static</domain>
            <!--指令级别【Major、Normal】-->
            <severity>Normal</severity>
            <!--分组【MgrOper(管理操作)、UplinkDataDevice(设备数据上报)、UplinkDataNetwork(网络数据上报)、UplinkDataBusiness(业务数据上报)、UplinkEvent(事件上报)、DownlinkCommand(指令下发)、DownlinkCommandRsp(指令下发响应)】-->
            <group>MgrOper</group>
            <!--是否在页面显示-->
            <display>true</display>
            <!--显示顺序-->
            <sort>6</sort>
        </action>
        <action>
            <!--导出-->
            <id>Export</id>
            <!--指令名称-->
            <name>导出</name>
            <!-- 国际化词条 -->
            <i18n_key>ies.urm.System.action.Export</i18n_key>
            <!--指令类型【System、Device】-->
            <type>System</type>
            <!--指令域【Static、Instance】-->
            <domain>Static</domain>
            <!--指令级别【Major、Normal】-->
            <severity>Normal</severity>
            <!--分组【MgrOper(管理操作)、UplinkDataDevice(设备数据上报)、UplinkDataNetwork(网络数据上报)、UplinkDataBusiness(业务数据上报)、UplinkEvent(事件上报)、DownlinkCommand(指令下发)、DownlinkCommandRsp(指令下发响应)】-->
            <group>MgrOper</group>
            <!--是否在页面显示-->
            <display>true</display>
            <!--显示顺序-->
            <sort>7</sort>
        </action>
        <action>
            <!--指令ID-->
            <id>DownlinkDiscover</id>
            <!--指令名称-->
            <name>自动发现</name>
            <!-- 国际化词条 -->
            <i18n_key>ies.urm.System.action.DownlinkDiscover</i18n_key>
            <!--指令类型【System、Device】-->
            <type>System</type>
            <!--指令域【Static、Instance】-->
            <domain>Static</domain>
            <!--指令级别【Major、Normal】-->
            <severity>Normal</severity>
            <!--分组【MgrOper(管理操作)、UplinkDataDevice(设备数据上报)、UplinkDataNetwork(网络数据上报)、UplinkDataBusiness(业务数据上报)、UplinkEvent(事件上报)、DownlinkCommand(指令下发)、DownlinkCommandRsp(指令下发响应)】-->
            <group>MgrOper</group>
            <!--是否在页面显示-->
            <display>false</display>
            <sort>8</sort>
        </action>
        <action>
            <!--水质量数据上报-->
            <id>UplinkWaterQualityData</id>
            <!--指令名称-->
            <name>水质量数据上报</name>
            <!-- 国际化词条 -->
            <i18n_key>ies.urm.Device.action.UplinkWaterQualityData</i18n_key>
            <!--指令类型【System、Device】-->
            <type>Device</type>
            <!--指令域【Static、Instance】-->
            <domain>Instance</domain>
            <!--指令级别【Major、Normal】-->
            <severity>Normal</severity>
            <!--分组【MgrOper(管理操作)、UplinkDataDevice(设备数据上报)、UplinkDataNetwork(网络数据上报)、UplinkDataBusiness(业务数据上报)、UplinkEvent(事件上报)、DownlinkCommand(指令下发)、DownlinkCommandRsp(指令下发响应)】-->
            <group>UplinkDataBusiness</group>
            <!--是否在页面显示-->
            <display>false</display>
            <!--显示顺序-->
            <sort>9</sort>
        </action>
        <action>
            <!--心跳数据上报-->
            <id>UplinkWaterQualityDetectorHeartBeat</id>
            <!--指令名称-->
            <name>心跳数据上报</name>
            <!-- 国际化词条 -->
            <i18n_key>ies.urm.Device.action.UplinkWaterQualityDetectorHeartBeat</i18n_key>
            <!--指令类型【System、Device】-->
            <type>Device</type>
            <!--指令域【Static、Instance】-->
            <domain>Instance</domain>
            <!--指令级别【Major、Normal】-->
            <severity>Normal</severity>
            <!--分组【MgrOper(管理操作)、UplinkDataDevice(设备数据上报)、UplinkDataNetwork(网络数据上报)、UplinkDataBusiness(业务数据上报)、UplinkEvent(事件上报)、DownlinkCommand(指令下发)、DownlinkCommandRsp(指令下发响应)】-->
            <group>UplinkDataBusiness</group>
            <!--是否在页面显示-->
            <display>false</display>
            <!--显示顺序-->
            <sort>10</sort>
        </action>
        <action>
            <!--远程重启-->
            <id>DownlinkRemoteReboot</id>
            <!--指令名称-->
            <name>远程重启</name>
            <!-- 国际化词条 -->
            <i18n_key>ies.urm.Device.action.DownlinkRemoteReboot</i18n_key>
            <!--指令类型【System、Device】-->
            <type>Device</type>
            <!--指令域【Static、Instance】-->
            <domain>Instance</domain>
            <!--指令级别【Major、Normal】-->
            <severity>Normal</severity>
            <!--分组【MgrOper(管理操作)、UplinkDataDevice(设备数据上报)、UplinkDataNetwork(网络数据上报)、UplinkDataBusiness(业务数据上报)、UplinkEvent(事件上报)、DownlinkCommand(指令下发)、DownlinkCommandRsp(指令下发响应)】-->
            <group>DownlinkCommand</group>
            <!--是否在页面显示-->
            <display>true</display>
            <!--显示顺序-->
            <sort>11</sort>
        </action>
        <action>
            <!--时间校准-->
            <id>DownlinkTimeCorrect</id>
            <!--指令名称-->
            <name>时间校准</name>
            <!-- 国际化词条 -->
            <i18n_key>ies.urm.Device.action.DownlinkTimeCorrect</i18n_key>
            <!--指令类型【System、Device】-->
            <type>Device</type>
            <!--指令域【Static、Instance】-->
            <domain>Instance</domain>
            <!--指令级别【Major、Normal】-->
            <severity>Normal</severity>
            <!--分组【MgrOper(管理操作)、UplinkDataDevice(设备数据上报)、UplinkDataNetwork(网络数据上报)、UplinkDataBusiness(业务数据上报)、UplinkEvent(事件上报)、DownlinkCommand(指令下发)、DownlinkCommandRsp(指令下发响应)】-->
            <group>DownlinkCommand</group>
            <!--是否在页面显示-->
            <display>true</display>
            <!--显示顺序-->
            <sort>12</sort>
        </action>
        <action>
            <!--告警消除-->
            <id>DownlinkAlarmClear</id>
            <!--指令名称-->
            <name>告警消除</name>
            <!-- 国际化词条 -->
            <i18n_key>ies.urm.Device.action.DownlinkAlarmClear</i18n_key>
            <!--指令类型【System、Device】-->
            <type>Device</type>
            <!--指令域【Static、Instance】-->
            <domain>Instance</domain>
            <!--指令级别【Major、Normal】-->
            <severity>Normal</severity>
            <!--分组【MgrOper(管理操作)、UplinkDataDevice(设备数据上报)、UplinkDataNetwork(网络数据上报)、UplinkDataBusiness(业务数据上报)、UplinkEvent(事件上报)、DownlinkCommand(指令下发)、DownlinkCommandRsp(指令下发响应)】-->
            <group>DownlinkCommand</group>
            <!--是否在页面显示-->
            <display>true</display>
            <!--显示顺序-->
            <sort>13</sort>
        </action>
    </actions>
    <attrs>
        <attr>
            <id>instanceid</id>
            <name>资源ID</name>
            <i18n_key>ies.urm.WaterQualityDetector.attr.instanceid</i18n_key>
            <type>string</type>
            <is_primary>true</is_primary>
            <is_search_condition>true</is_search_condition>
            <sort>1</sort>
            <support_action>
                <![CDATA[
	    Query,Get,Delete,Update,Import,Export
      ]]>
            </support_action>
        </attr>
        <attr>
            <id>nativeid</id>
            <name>终端编码</name>
            <i18n_key>ies.urm.WaterQualityDetector.attr.nativeid</i18n_key>
            <type>string</type>
            <is_search_condition>true</is_search_condition>
            <sort>2</sort>
            <support_action>
                <![CDATA[
	    Query,Get,Delete,Update,Import,Export
      ]]>
            </support_action>
        </attr>
        <attr>
            <id>worker_type</id>
            <name>工作方式</name>
            <i18n_key>ies.urm.WaterQualityDetector.attr.worker_type</i18n_key>
            <type>string</type>
            <sort>3</sort>
            <support_action>
                <![CDATA[
	    Query,Get,Delete,Update,Import,Export
      ]]>
            </support_action>
        </attr>
        <attr>
            <id>heart_beat_interval</id>
            <name>心跳时间间隔</name>
            <i18n_key>ies.urm.WaterQualityDetector.attr.heart_beat_interval</i18n_key>
            <type>int</type>
            <is_search_condition>true</is_search_condition>
            <sort>4</sort>
            <support_action>
                <![CDATA[
	    Query,Get,Delete,Update,Import,Export
      ]]>
            </support_action>
        </attr>
        <attr>
            <id>software_version</id>
            <name>软件版本</name>
            <i18n_key>ies.urm.WaterQualityDetector.attr.software_version</i18n_key>
            <type>string</type>
            <sort>5</sort>
            <support_action>
                <![CDATA[
	    Query,Get,Delete,Update,Import,Export
      ]]>
            </support_action>
        </attr>
        <attr>
            <id>sim_status</id>
            <name>sim卡状态</name>
            <i18n_key>ies.urm.WaterQualityDetector.attr.sim_status</i18n_key>
            <type>string</type>
            <sort>6</sort>
            <support_action>
                <![CDATA[
	    Query,Get,Delete,Update,Import,Export
      ]]>
            </support_action>
        </attr>
        <attr>
            <id>fault_data_desc</id>
            <name>故障数据描述</name>
            <i18n_key>ies.urm.WaterQualityDetector.attr.fault_data_desc</i18n_key>
            <type>text</type>
            <sort>8</sort>
            <support_action>
                <![CDATA[
	    Query,Get,Delete,Update,Import,Export,Add
      ]]>
            </support_action>
        </attr>
        <attr>
            <id>ph</id>
            <name>PH值</name>
            <i18n_key>ies.urm.WaterQualityDetector.attr.ph</i18n_key>
            <type>float</type>
            <group>Monitor</group>
            <unit>无</unit>
            <support_action>
                <![CDATA[
	    Query,Get,Delete,Update,Import,Export,Add
      ]]>
            </support_action>
        </attr>
        <attr>
            <id>nh4</id>
            <name>氨氮</name>
            <i18n_key>ies.urm.WaterQualityDetector.attr.nh4</i18n_key>
            <type>float</type>
            <group>Monitor</group>
            <unit>毫克/升</unit>
            <support_action>
                <![CDATA[
        Query,Get,Delete,Update,Import,Export,Add
      ]]>
            </support_action>
        </attr>
        <attr>
            <id>sum_p</id>
            <name>总磷</name>
            <i18n_key>ies.urm.WaterQualityDetector.attr.sum_p</i18n_key>
            <type>float</type>
            <group>Monitor</group>
            <unit>毫克/升</unit>
            <support_action>
                <![CDATA[
        Query,Get,Delete,Update,Import,Export,Add
      ]]>
            </support_action>
        </attr>
        <attr>
            <id>sum_n</id>
            <name>总氮</name>
            <i18n_key>ies.urm.WaterQualityDetector.attr.sum_n</i18n_key>
            <type>float</type>
            <group>Monitor</group>
            <unit>毫克/升</unit>
            <support_action>
                <![CDATA[
        Query,Get,Delete,Update,Import,Export,Add
      ]]>
            </support_action>
        </attr>
        <attr>
            <id>temperature</id>
            <name>水温</name>
            <i18n_key>ies.urm.WaterQualityDetector.attr.temperature</i18n_key>
            <type>float</type>
            <group>Monitor</group>
            <unit>摄氏度</unit>
            <support_action>
                <![CDATA[
        Query,Get,Delete,Update,Import,Export,Add
      ]]>
            </support_action>
        </attr>
        <attr>
            <id>do</id>
            <name>溶解氧</name>
            <i18n_key>ies.urm.WaterQualityDetector.attr.do</i18n_key>
            <type>float</type>
            <group>Monitor</group>
            <unit>毫克/升</unit>
            <support_action>
                <![CDATA[
        Query,Get,Delete,Update,Import,Export,Add
      ]]>
            </support_action>
        </attr>
        <attr>
            <id>conductivity</id>
            <name>电导率</name>
            <i18n_key>ies.urm.WaterQualityDetector.attr.conductivity</i18n_key>
            <type>float</type>
            <group>Monitor</group>
            <unit>微西/厘米</unit>
            <support_action>
                <![CDATA[
        Query,Get,Delete,Update,Import,Export,Add
      ]]>
            </support_action>
        </attr>
        <attr>
            <id>td</id>
            <name>浑浊度</name>
            <i18n_key>ies.urm.WaterQualityDetector.attr.td</i18n_key>
            <type>float</type>
            <group>Monitor</group>
            <unit>NTU</unit>
            <support_action>
                <![CDATA[
        Query,Get,Delete,Update,Import,Export,Add
      ]]>
            </support_action>
        </attr>
        <attr>
            <id>cod</id>
            <name>化学需氧量</name>
            <i18n_key>ies.urm.WaterQualityDetector.attr.cod</i18n_key>
            <type>float</type>
            <group>Monitor</group>
            <unit>毫克/升</unit>
            <support_action>
                <![CDATA[
        Query,Get,Delete,Update,Import,Export,Add
      ]]>
            </support_action>
        </attr>
        <attr>
            <id>c7h8</id>
            <name>甲苯</name>
            <i18n_key>ies.urm.WaterQualityDetector.attr.c7h8</i18n_key>
            <type>float</type>
            <group>Monitor</group>
            <unit>毫克/立方米</unit>
            <support_action>
                <![CDATA[
        Query,Get,Delete,Update,Import,Export,Add
      ]]>
            </support_action>
        </attr>
        <attr>
            <id>ch4</id>
            <name>甲烷</name>
            <i18n_key>ies.urm.WaterQualityDetector.attr.ch4</i18n_key>
            <type>float</type>
            <group>Monitor</group>
            <unit>毫克/立方米</unit>
            <support_action>
                <![CDATA[
        Query,Get,Delete,Update,Import,Export,Add
      ]]>
            </support_action>
        </attr>
        <attr>
            <id>nmhc</id>
            <name>非甲烷总烃</name>
            <i18n_key>ies.urm.WaterQualityDetector.attr.nmhc</i18n_key>
            <type>float</type>
            <group>Monitor</group>
            <unit>毫克/立方米</unit>
            <support_action>
                <![CDATA[
        Query,Get,Delete,Update,Import,Export,Add
      ]]>
            </support_action>
        </attr>
        <attr>
            <id>c6h6</id>
            <name>苯</name>
            <i18n_key>ies.urm.WaterQualityDetector.attr.c6h6</i18n_key>
            <type>float</type>
            <group>Monitor</group>
            <unit>毫克/立方米</unit>
            <support_action>
                <![CDATA[
        Query,Get,Delete,Update,Import,Export,Add
      ]]>
            </support_action>
        </attr>
        <attr>
            <id>c8h10</id>
            <name>二甲苯</name>
            <i18n_key>ies.urm.WaterQualityDetector.attr.c8h10</i18n_key>
            <type>float</type>
            <group>Monitor</group>
            <unit>毫克/立方米</unit>
            <support_action>
                <![CDATA[
        Query,Get,Delete,Update,Import,Export,Add
      ]]>
            </support_action>
        </attr>
        <attr>
            <id>smoke_speed</id>
            <name>烟气流速</name>
            <i18n_key>ies.urm.WaterQualityDetector.attr.smoke_speed</i18n_key>
            <type>float</type>
            <group>Monitor</group>
            <unit>米/秒</unit>
            <support_action>
                <![CDATA[
        Query,Get,Delete,Update,Import,Export,Add
      ]]>
            </support_action>
        </attr>
        <attr>
            <id>smoke_temperature</id>
            <name>烟气温度</name>
            <i18n_key>ies.urm.WaterQualityDetector.attr.smoke_temperature</i18n_key>
            <type>float</type>
            <group>Monitor</group>
            <unit>摄氏度</unit>
            <support_action>
                <![CDATA[
        Query,Get,Delete,Update,Import,Export,Add
      ]]>
            </support_action>
        </attr>
        <attr>
            <id>smoke_push_pressure</id>
            <name>烟气动压</name>
            <i18n_key>ies.urm.WaterQualityDetector.attr.smoke_push_pressure</i18n_key>
            <type>float</type>
            <group>Monitor</group>
            <unit>千帕</unit>
            <support_action>
                <![CDATA[
        Query,Get,Delete,Update,Import,Export,Add
      ]]>
            </support_action>
        </attr>
        <attr>
            <id>smoke_area</id>
            <name>烟道截面积</name>
            <i18n_key>ies.urm.WaterQualityDetector.attr.smoke_area</i18n_key>
            <type>float</type>
            <group>Monitor</group>
            <unit>平方米</unit>
            <support_action>
                <![CDATA[
        Query,Get,Delete,Update,Import,Export,Add
      ]]>
            </support_action>
        </attr>
        <attr>
            <id>smoke_pressure</id>
            <name>烟气压力</name>
            <i18n_key>ies.urm.WaterQualityDetector.attr.smoke_pressure</i18n_key>
            <type>float</type>
            <group>Monitor</group>
            <unit>千帕</unit>
            <support_action>
                <![CDATA[
        Query,Get,Delete,Update,Import,Export,Add
      ]]>
            </support_action>
        </attr>
        <attr>
            <id>waste_gas</id>
            <name>废气</name>
            <i18n_key>ies.urm.WaterQualityDetector.attr.waste_gas</i18n_key>
            <type>float</type>
            <group>Monitor</group>
            <unit>立方米/秒</unit>
            <support_action>
                <![CDATA[
        Query,Get,Delete,Update,Import,Export,Add
      ]]>
            </support_action>
        </attr>
        <attr>
            <id>tvoc</id>
            <name>挥发性有机化合物</name>
            <i18n_key>ies.urm.WaterQualityDetector.attr.tvoc</i18n_key>
            <type>float</type>
            <group>Monitor</group>
            <unit>无</unit>
            <support_action>
                <![CDATA[
        Query,Get,Delete,Update,Import,Export,Add
      ]]>
            </support_action>
        </attr>
        <attr>
            <id>lt</id>
            <name>更新时间</name>
            <i18n_key>ies.urm.WaterQualityDetector.attr.lt</i18n_key>
            <type>int</type>
            <sort>7</sort>
            <support_action>
                <![CDATA[
	    Query,Get
      ]]>
            </support_action>
        </attr>
    </attrs>
</ci>
