<?xml version="1.0" encoding="UTF-8"?>
<!--雨量遥测站-->
<ci>
    <!--雨量遥测站-->
    <id>RainMeterRemoteStation</id>
    <!--对象名称-->
    <name>雨量遥测站</name>
    <!--国际化词条-->
    <i18n_key>ies.urm.RainMeterRemoteStation.metaCI</i18n_key>
    <!--描述-->
    <description>${ioc.urm.RainMeterRemoteStation.desc}</description>
    <type>D</type>
    <!--指令集合-->
    <actions>
        <action>
            <!--添加-->
            <id>Add</id>
            <!--指令名称-->
            <name>添加</name>
            <!-- 国际化词条 -->
            <i18n_key>ies.urm.System.action.Add</i18n_key>
            <!--指令类型【System、Device】-->
            <type>System</type>
            <!--指令域【Static、Instance】-->
            <domain>Static</domain>
            <!--指令级别【Major、Normal】-->
            <severity>Normal</severity>
            <!--分组【MgrOper(管理操作)、UplinkDataDevice(设备数据上报)、UplinkDataNetwork(网络数据上报)、UplinkDataBusiness(业务数据上报)、UplinkEvent(事件上报)、DownlinkCommand(指令下发)、DownlinkCommandRsp(指令下发响应)】-->
            <group>MgrOper</group>
            <!--是否在页面显示-->
            <display>true</display>
            <sort>1</sort>
        </action>
        <action>
            <!--删除-->
            <id>Delete</id>
            <!--指令名称-->
            <name>删除</name>
            <!-- 国际化词条 -->
            <i18n_key>ies.urm.System.action.Delete</i18n_key>
            <!--指令类型【System、Device】-->
            <type>System</type>
            <!--指令域【Static、Instance】-->
            <domain>Instance</domain>
            <!--指令级别【Major、Normal】-->
            <severity>Normal</severity>
            <!--分组【MgrOper(管理操作)、UplinkDataDevice(设备数据上报)、UplinkDataNetwork(网络数据上报)、UplinkDataBusiness(业务数据上报)、UplinkEvent(事件上报)、DownlinkCommand(指令下发)、DownlinkCommandRsp(指令下发响应)】-->
            <group>MgrOper</group>
            <!--是否在页面显示-->
            <display>true</display>
            <!--显示顺序-->
            <sort>2</sort>
        </action>
        <action>
            <!--查询-->
            <id>Query</id>
            <!--指令名称-->
            <name>查询</name>
            <!-- 国际化词条 -->
            <i18n_key>ies.urm.System.action.Query</i18n_key>
            <!--指令类型【System、Device】-->
            <type>System</type>
            <!--指令域【Static、Instance】-->
            <domain>Static</domain>
            <!--指令级别【Major、Normal】-->
            <severity>Normal</severity>
            <!--分组【MgrOper(管理操作)、UplinkDataDevice(设备数据上报)、UplinkDataNetwork(网络数据上报)、UplinkDataBusiness(业务数据上报)、UplinkEvent(事件上报)、DownlinkCommand(指令下发)、DownlinkCommandRsp(指令下发响应)】-->
            <group>MgrOper</group>
            <!--是否在页面显示-->
            <display>false</display>
            <sort>3</sort>
        </action>
        <action>
            <!--详情-->
            <id>Get</id>
            <!--指令名称-->
            <name>详情</name>
            <!-- 国际化词条 -->
            <i18n_key>ies.urm.System.action.Get</i18n_key>
            <!--指令类型【System、Device】-->
            <type>System</type>
            <!--指令域【Static、Instance】-->
            <domain>Instance</domain>
            <!--指令级别【Major、Normal】-->
            <severity>Normal</severity>
            <!--分组【MgrOper(管理操作)、UplinkDataDevice(设备数据上报)、UplinkDataNetwork(网络数据上报)、UplinkDataBusiness(业务数据上报)、UplinkEvent(事件上报)、DownlinkCommand(指令下发)、DownlinkCommandRsp(指令下发响应)】-->
            <group>MgrOper</group>
            <!--是否在页面显示-->
            <display>true</display>
            <!--显示顺序-->
            <sort>4</sort>
        </action>
        <action>
            <!--修改-->
            <id>Update</id>
            <!--指令名称-->
            <name>修改</name>
            <!-- 国际化词条 -->
            <i18n_key>ies.urm.System.action.Update</i18n_key>
            <!--指令类型【System、Device】-->
            <type>System</type>
            <!--指令域【Static、Instance】-->
            <domain>Instance</domain>
            <!--指令级别【Major、Normal】-->
            <severity>Normal</severity>
            <!--分组【MgrOper(管理操作)、UplinkDataDevice(设备数据上报)、UplinkDataNetwork(网络数据上报)、UplinkDataBusiness(业务数据上报)、UplinkEvent(事件上报)、DownlinkCommand(指令下发)、DownlinkCommandRsp(指令下发响应)】-->
            <group>MgrOper</group>
            <!--是否在页面显示-->
            <display>true</display>
            <!--显示顺序-->
            <sort>5</sort>
        </action>
        <action>
            <!--导入-->
            <id>Import</id>
            <!--指令名称-->
            <name>导入</name>
            <!-- 国际化词条 -->
            <i18n_key>ies.urm.System.action.Import</i18n_key>
            <!--指令类型【System、Device】-->
            <type>System</type>
            <!--指令域【Static、Instance】-->
            <domain>Static</domain>
            <!--指令级别【Major、Normal】-->
            <severity>Normal</severity>
            <!--分组【MgrOper(管理操作)、UplinkDataDevice(设备数据上报)、UplinkDataNetwork(网络数据上报)、UplinkDataBusiness(业务数据上报)、UplinkEvent(事件上报)、DownlinkCommand(指令下发)、DownlinkCommandRsp(指令下发响应)】-->
            <group>MgrOper</group>
            <!--是否在页面显示-->
            <display>true</display>
            <!--显示顺序-->
            <sort>6</sort>
        </action>
        <action>
            <!--导出-->
            <id>Export</id>
            <!--指令名称-->
            <name>导出</name>
            <!-- 国际化词条 -->
            <i18n_key>ies.urm.System.action.Export</i18n_key>
            <!--指令类型【System、Device】-->
            <type>System</type>
            <!--指令域【Static、Instance】-->
            <domain>Static</domain>
            <!--指令级别【Major、Normal】-->
            <severity>Normal</severity>
            <!--分组【MgrOper(管理操作)、UplinkDataDevice(设备数据上报)、UplinkDataNetwork(网络数据上报)、UplinkDataBusiness(业务数据上报)、UplinkEvent(事件上报)、DownlinkCommand(指令下发)、DownlinkCommandRsp(指令下发响应)】-->
            <group>MgrOper</group>
            <!--是否在页面显示-->
            <display>true</display>
            <!--显示顺序-->
            <sort>7</sort>
        </action>
        <action>
            <!--指令ID-->
            <id>DownlinkDiscover</id>
            <!--指令名称-->
            <name>自动发现</name>
            <!-- 国际化词条 -->
            <i18n_key>ies.urm.System.action.DownlinkDiscover</i18n_key>
            <!--指令类型【System、Device】-->
            <type>System</type>
            <!--指令域【Static、Instance】-->
            <domain>Static</domain>
            <!--指令级别【Major、Normal】-->
            <severity>Normal</severity>
            <!--分组【MgrOper(管理操作)、UplinkDataDevice(设备数据上报)、UplinkDataNetwork(网络数据上报)、UplinkDataBusiness(业务数据上报)、UplinkEvent(事件上报)、DownlinkCommand(指令下发)、DownlinkCommandRsp(指令下发响应)】-->
            <group>MgrOper</group>
            <!--是否在页面显示-->
            <display>false</display>
            <sort>8</sort>
        </action>
        <action>
            <!--均匀时段水文信息上报-->
            <id>UplinkSlDataByUniform</id>
            <!--指令名称-->
            <name>均匀时段水文信息上报</name>
            <!-- 国际化词条 -->
            <i18n_key>ies.urm.Device.action.UplinkSlDataByUniform</i18n_key>
            <!--指令类型【System、Device】-->
            <type>Device</type>
            <!--指令域【Static、Instance】-->
            <domain>Instance</domain>
            <!--指令级别【Major、Normal】-->
            <severity>Normal</severity>
            <!--分组【MgrOper(管理操作)、UplinkDataDevice(设备数据上报)、UplinkDataNetwork(网络数据上报)、UplinkDataBusiness(业务数据上报)、UplinkEvent(事件上报)、DownlinkCommand(指令下发)、DownlinkCommandRsp(指令下发响应)】-->
            <group>UplinkDataBusiness</group>
            <!--是否在页面显示-->
            <display>false</display>
            <!--显示顺序-->
            <sort>9</sort>
        </action>
        <action>
            <!--遥测站定时报-->
            <id>UplinkSlDataByInterval</id>
            <!--指令名称-->
            <name>遥测站定时报</name>
            <!-- 国际化词条 -->
            <i18n_key>ies.urm.Device.action.UplinkSlDataByInterval</i18n_key>
            <!--指令类型【System、Device】-->
            <type>Device</type>
            <!--指令域【Static、Instance】-->
            <domain>Instance</domain>
            <!--指令级别【Major、Normal】-->
            <severity>Normal</severity>
            <!--分组【MgrOper(管理操作)、UplinkDataDevice(设备数据上报)、UplinkDataNetwork(网络数据上报)、UplinkDataBusiness(业务数据上报)、UplinkEvent(事件上报)、DownlinkCommand(指令下发)、DownlinkCommandRsp(指令下发响应)】-->
            <group>UplinkDataBusiness</group>
            <!--是否在页面显示-->
            <display>false</display>
            <!--显示顺序-->
            <sort>10</sort>
        </action>
        <action>
            <!--遥测站加时报-->
            <id>UplinkSlDataByTrigger</id>
            <!--指令名称-->
            <name>遥测站加时报</name>
            <!-- 国际化词条 -->
            <i18n_key>ies.urm.Device.action.UplinkSlDataByTrigger</i18n_key>
            <!--指令类型【System、Device】-->
            <type>Device</type>
            <!--指令域【Static、Instance】-->
            <domain>Instance</domain>
            <!--指令级别【Major、Normal】-->
            <severity>Normal</severity>
            <!--分组【MgrOper(管理操作)、UplinkDataDevice(设备数据上报)、UplinkDataNetwork(网络数据上报)、UplinkDataBusiness(业务数据上报)、UplinkEvent(事件上报)、DownlinkCommand(指令下发)、DownlinkCommandRsp(指令下发响应)】-->
            <group>UplinkDataBusiness</group>
            <!--是否在页面显示-->
            <display>false</display>
            <!--显示顺序-->
            <sort>11</sort>
        </action>
        <action>
            <!--遥测站小时报-->
            <id>UplinkSlDataByHour</id>
            <!--指令名称-->
            <name>遥测站小时报</name>
            <!-- 国际化词条 -->
            <i18n_key>ies.urm.Device.action.UplinkSlDataByHour</i18n_key>
            <!--指令类型【System、Device】-->
            <type>Device</type>
            <!--指令域【Static、Instance】-->
            <domain>Instance</domain>
            <!--指令级别【Major、Normal】-->
            <severity>Normal</severity>
            <!--分组【MgrOper(管理操作)、UplinkDataDevice(设备数据上报)、UplinkDataNetwork(网络数据上报)、UplinkDataBusiness(业务数据上报)、UplinkEvent(事件上报)、DownlinkCommand(指令下发)、DownlinkCommandRsp(指令下发响应)】-->
            <group>UplinkDataBusiness</group>
            <!--是否在页面显示-->
            <display>false</display>
            <!--显示顺序-->
            <sort>12</sort>
        </action>
        <action>
            <!--遥测站图片报-->
            <id>UplinkSlDataByImage</id>
            <!--指令名称-->
            <name>遥测站图片报</name>
            <!-- 国际化词条 -->
            <i18n_key>ies.urm.Device.action.UplinkSlDataByImage</i18n_key>
            <!--指令类型【System、Device】-->
            <type>Device</type>
            <!--指令域【Static、Instance】-->
            <domain>Instance</domain>
            <!--指令级别【Major、Normal】-->
            <severity>Normal</severity>
            <!--分组【MgrOper(管理操作)、UplinkDataDevice(设备数据上报)、UplinkDataNetwork(网络数据上报)、UplinkDataBusiness(业务数据上报)、UplinkEvent(事件上报)、DownlinkCommand(指令下发)、DownlinkCommandRsp(指令下发响应)】-->
            <group>UplinkDataBusiness</group>
            <!--是否在页面显示-->
            <display>false</display>
            <!--显示顺序-->
            <sort>13</sort>
        </action>
        <action>
            <!--运行参数上报-->
            <id>UplinkSlDataForRuntimeParam</id>
            <!--指令名称-->
            <name>运行参数上报</name>
            <!-- 国际化词条 -->
            <i18n_key>ies.urm.Device.action.UplinkSlDataForRuntimeParam</i18n_key>
            <!--指令类型【System、Device】-->
            <type>Device</type>
            <!--指令域【Static、Instance】-->
            <domain>Instance</domain>
            <!--指令级别【Major、Normal】-->
            <severity>Normal</severity>
            <!--分组【MgrOper(管理操作)、UplinkDataDevice(设备数据上报)、UplinkDataNetwork(网络数据上报)、UplinkDataBusiness(业务数据上报)、UplinkEvent(事件上报)、DownlinkCommand(指令下发)、DownlinkCommandRsp(指令下发响应)】-->
            <group>UplinkDataDevice</group>
            <!--是否在页面显示-->
            <display>false</display>
            <!--显示顺序-->
            <sort>14</sort>
        </action>
        <action>
            <!--基本配置表上报-->
            <id>UplinkSlDataForBasicConfigm</id>
            <!--指令名称-->
            <name>运行参数上报</name>
            <!-- 国际化词条 -->
            <i18n_key>ies.urm.Device.action.UplinkSlDataForBasicConfigm</i18n_key>
            <!--指令类型【System、Device】-->
            <type>Device</type>
            <!--指令域【Static、Instance】-->
            <domain>Instance</domain>
            <!--指令级别【Major、Normal】-->
            <severity>Normal</severity>
            <!--分组【MgrOper(管理操作)、UplinkDataDevice(设备数据上报)、UplinkDataNetwork(网络数据上报)、UplinkDataBusiness(业务数据上报)、UplinkEvent(事件上报)、DownlinkCommand(指令下发)、DownlinkCommandRsp(指令下发响应)】-->
            <group>UplinkDataDevice</group>
            <!--是否在页面显示-->
            <display>false</display>
            <!--显示顺序-->
            <sort>15</sort>
        </action>
        <action>
            <!--查询遥测站实时数据-->
            <id>DownlinkRealtimeData</id>
            <!--指令名称-->
            <name>获取实时数据</name>
            <!-- 国际化词条 -->
            <i18n_key>ies.urm.Device.action.DownlinkRealtimeData</i18n_key>
            <!--指令类型【System、Device】-->
            <type>Device</type>
            <!--指令域【Static、Instance】-->
            <domain>Instance</domain>
            <!--指令级别【Major、Normal】-->
            <severity>Normal</severity>
            <!--分组【MgrOper(管理操作)、UplinkDataDevice(设备数据上报)、UplinkDataNetwork(网络数据上报)、UplinkDataBusiness(业务数据上报)、UplinkEvent(事件上报)、DownlinkCommand(指令下发)、DownlinkCommandRsp(指令下发响应)】-->
            <group>DownlinkCommand</group>
            <!--是否在页面显示-->
            <display>true</display>
            <!--显示顺序-->
            <sort>16</sort>
        </action>
        <action>
            <!--查询遥测站时段数据-->
            <id>DownlinkRangetimeData</id>
            <!--指令名称-->
            <name>获取时段数据</name>
            <!-- 国际化词条 -->
            <i18n_key>ies.urm.Device.action.DownlinkRangetimeData</i18n_key>
            <!--指令类型【System、Device】-->
            <type>Device</type>
            <!--指令域【Static、Instance】-->
            <domain>Instance</domain>
            <!--指令级别【Major、Normal】-->
            <severity>Normal</severity>
            <!--分组【MgrOper(管理操作)、UplinkDataDevice(设备数据上报)、UplinkDataNetwork(网络数据上报)、UplinkDataBusiness(业务数据上报)、UplinkEvent(事件上报)、DownlinkCommand(指令下发)、DownlinkCommandRsp(指令下发响应)】-->
            <group>DownlinkCommand</group>
            <!--是否在页面显示-->
            <display>true</display>
            <!--显示顺序-->
            <sort>17</sort>
        </action>
        <action>
            <!--查询遥测站基本配置表-->
            <id>DownlinkBasicConfigGet</id>
            <!--指令名称-->
            <name>获取基本配置</name>
            <!-- 国际化词条 -->
            <i18n_key>ies.urm.Device.action.DownlinkBasicConfigGet</i18n_key>
            <!--指令类型【System、Device】-->
            <type>Device</type>
            <!--指令域【Static、Instance】-->
            <domain>Instance</domain>
            <!--指令级别【Major、Normal】-->
            <severity>Normal</severity>
            <!--分组【MgrOper(管理操作)、UplinkDataDevice(设备数据上报)、UplinkDataNetwork(网络数据上报)、UplinkDataBusiness(业务数据上报)、UplinkEvent(事件上报)、DownlinkCommand(指令下发)、DownlinkCommandRsp(指令下发响应)】-->
            <group>DownlinkCommand</group>
            <!--是否在页面显示-->
            <display>true</display>
            <!--显示顺序-->
            <sort>18</sort>
        </action>
        <action>
            <!--修改遥测站基本配置表-->
            <id>DownlinkBasicConfigUpdate</id>
            <!--指令名称-->
            <name>修改基本配置</name>
            <!-- 国际化词条 -->
            <i18n_key>ies.urm.Device.action.DownlinkBasicConfigUpdate</i18n_key>
            <!--指令类型【System、Device】-->
            <type>Device</type>
            <!--指令域【Static、Instance】-->
            <domain>Instance</domain>
            <!--指令级别【Major、Normal】-->
            <severity>Normal</severity>
            <!--分组【MgrOper(管理操作)、UplinkDataDevice(设备数据上报)、UplinkDataNetwork(网络数据上报)、UplinkDataBusiness(业务数据上报)、UplinkEvent(事件上报)、DownlinkCommand(指令下发)、DownlinkCommandRsp(指令下发响应)】-->
            <group>DownlinkCommand</group>
            <!--是否在页面显示-->
            <display>true</display>
            <!--显示顺序-->
            <sort>19</sort>
        </action>
        <action>
            <!--修改遥测站运行参数配置表-->
            <id>DownlinkRuntimeParamUpdate</id>
            <!--指令名称-->
            <name>修改运行参数配置</name>
            <!-- 国际化词条 -->
            <i18n_key>ies.urm.Device.action.DownlinkRuntimeParamUpdate</i18n_key>
            <!--指令类型【System、Device】-->
            <type>Device</type>
            <!--指令域【Static、Instance】-->
            <domain>Instance</domain>
            <!--指令级别【Major、Normal】-->
            <severity>Normal</severity>
            <!--分组【MgrOper(管理操作)、UplinkDataDevice(设备数据上报)、UplinkDataNetwork(网络数据上报)、UplinkDataBusiness(业务数据上报)、UplinkEvent(事件上报)、DownlinkCommand(指令下发)、DownlinkCommandRsp(指令下发响应)】-->
            <group>DownlinkCommand</group>
            <!--是否在页面显示-->
            <display>true</display>
            <!--显示顺序-->
            <sort>20</sort>
        </action>
        <action>
            <!--读取遥测站运行参数配置表-->
            <id>DownlinkRuntimeParamGet</id>
            <!--指令名称-->
            <name>获取运行参数配置</name>
            <!-- 国际化词条 -->
            <i18n_key>ies.urm.Device.action.DownlinkRuntimeParamGet</i18n_key>
            <!--指令类型【System、Device】-->
            <type>Device</type>
            <!--指令域【Static、Instance】-->
            <domain>Instance</domain>
            <!--指令级别【Major、Normal】-->
            <severity>Normal</severity>
            <!--分组【MgrOper(管理操作)、UplinkDataDevice(设备数据上报)、UplinkDataNetwork(网络数据上报)、UplinkDataBusiness(业务数据上报)、UplinkEvent(事件上报)、DownlinkCommand(指令下发)、DownlinkCommandRsp(指令下发响应)】-->
            <group>DownlinkCommand</group>
            <!--是否在页面显示-->
            <display>true</display>
            <!--显示顺序-->
            <sort>21</sort>
        </action>
        <action>
            <!--查询遥测终端软件版本-->
            <id>DownlinkSoftVersionGet</id>
            <!--指令名称-->
            <name>获取终端软件版本</name>
            <!-- 国际化词条 -->
            <i18n_key>ies.urm.Device.action.DownlinkSoftVersionGet</i18n_key>
            <!--指令类型【System、Device】-->
            <type>Device</type>
            <!--指令域【Static、Instance】-->
            <domain>Instance</domain>
            <!--指令级别【Major、Normal】-->
            <severity>Normal</severity>
            <!--分组【MgrOper(管理操作)、UplinkDataDevice(设备数据上报)、UplinkDataNetwork(网络数据上报)、UplinkDataBusiness(业务数据上报)、UplinkEvent(事件上报)、DownlinkCommand(指令下发)、DownlinkCommandRsp(指令下发响应)】-->
            <group>DownlinkCommand</group>
            <!--是否在页面显示-->
            <display>true</display>
            <!--显示顺序-->
            <sort>22</sort>
        </action>
        <action>
            <!--查询遥测站状态和报警信息-->
            <id>DownlinkStatusGet</id>
            <!--指令名称-->
            <name>获取状态和报警信息</name>
            <!-- 国际化词条 -->
            <i18n_key>ies.urm.Device.action.DownlinkStatusGet</i18n_key>
            <!--指令类型【System、Device】-->
            <type>Device</type>
            <!--指令域【Static、Instance】-->
            <domain>Instance</domain>
            <!--指令级别【Major、Normal】-->
            <severity>Normal</severity>
            <!--分组【MgrOper(管理操作)、UplinkDataDevice(设备数据上报)、UplinkDataNetwork(网络数据上报)、UplinkDataBusiness(业务数据上报)、UplinkEvent(事件上报)、DownlinkCommand(指令下发)、DownlinkCommandRsp(指令下发响应)】-->
            <group>DownlinkCommand</group>
            <!--是否在页面显示-->
            <display>true</display>
            <!--显示顺序-->
            <sort>23</sort>
        </action>
        <action>
            <!--恢复终端出厂设置-->
            <id>DownlinkConfigRecover</id>
            <!--指令名称-->
            <name>恢复终端出厂设置</name>
            <!-- 国际化词条 -->
            <i18n_key>ies.urm.Device.action.DownlinkConfigRecover</i18n_key>
            <!--指令类型【System、Device】-->
            <type>Device</type>
            <!--指令域【Static、Instance】-->
            <domain>Instance</domain>
            <!--指令级别【Major、Normal】-->
            <severity>Normal</severity>
            <!--分组【MgrOper(管理操作)、UplinkDataDevice(设备数据上报)、UplinkDataNetwork(网络数据上报)、UplinkDataBusiness(业务数据上报)、UplinkEvent(事件上报)、DownlinkCommand(指令下发)、DownlinkCommandRsp(指令下发响应)】-->
            <group>DownlinkCommand</group>
            <!--是否在页面显示-->
            <display>true</display>
            <!--显示顺序-->
            <sort>24</sort>
        </action>
        <action>
            <!--设置遥测站时钟-->
            <id>DownlinkClockSet</id>
            <!--指令名称-->
            <name>设置时钟</name>
            <!-- 国际化词条 -->
            <i18n_key>ies.urm.Device.action.DownlinkClockSet</i18n_key>
            <!--指令类型【System、Device】-->
            <type>Device</type>
            <!--指令域【Static、Instance】-->
            <domain>Instance</domain>
            <!--指令级别【Major、Normal】-->
            <severity>Normal</severity>
            <!--分组【MgrOper(管理操作)、UplinkDataDevice(设备数据上报)、UplinkDataNetwork(网络数据上报)、UplinkDataBusiness(业务数据上报)、UplinkEvent(事件上报)、DownlinkCommand(指令下发)、DownlinkCommandRsp(指令下发响应)】-->
            <group>DownlinkCommand</group>
            <!--是否在页面显示-->
            <display>true</display>
            <!--显示顺序-->
            <sort>25</sort>
        </action>
        <action>
            <!--查询遥测站事件记录-->
            <id>DownlinkEventGet</id>
            <!--指令名称-->
            <name>查询事件记录</name>
            <!-- 国际化词条 -->
            <i18n_key>ies.urm.Device.action.DownlinkEventGet</i18n_key>
            <!--指令类型【System、Device】-->
            <type>Device</type>
            <!--指令域【Static、Instance】-->
            <domain>Instance</domain>
            <!--指令级别【Major、Normal】-->
            <severity>Normal</severity>
            <!--分组【MgrOper(管理操作)、UplinkDataDevice(设备数据上报)、UplinkDataNetwork(网络数据上报)、UplinkDataBusiness(业务数据上报)、UplinkEvent(事件上报)、DownlinkCommand(指令下发)、DownlinkCommandRsp(指令下发响应)】-->
            <group>DownlinkCommand</group>
            <!--是否在页面显示-->
            <display>true</display>
            <!--显示顺序-->
            <sort>26</sort>
        </action>
        <action>
            <!--查询遥测站时钟-->
            <id>DownlinkClockGet</id>
            <!--指令名称-->
            <name>查询时钟</name>
            <!-- 国际化词条 -->
            <i18n_key>ies.urm.Device.action.DownlinkClockGet</i18n_key>
            <!--指令类型【System、Device】-->
            <type>Device</type>
            <!--指令域【Static、Instance】-->
            <domain>Instance</domain>
            <!--指令级别【Major、Normal】-->
            <severity>Normal</severity>
            <!--分组【MgrOper(管理操作)、UplinkDataDevice(设备数据上报)、UplinkDataNetwork(网络数据上报)、UplinkDataBusiness(业务数据上报)、UplinkEvent(事件上报)、DownlinkCommand(指令下发)、DownlinkCommandRsp(指令下发响应)】-->
            <group>DownlinkCommand</group>
            <!--是否在页面显示-->
            <display>true</display>
            <!--显示顺序-->
            <sort>27</sort>
        </action>
    </actions>
    <attrs>
        <attr>
            <id>instanceid</id>
            <name>资源ID</name>
            <i18n_key>ies.urm.RainMeterRemoteStation.attr.instanceid</i18n_key>
            <type>string</type>
            <is_primary>true</is_primary>
            <is_search_condition>true</is_search_condition>
            <sort>1</sort>
            <support_action>
                <![CDATA[
	    Query,Get,Delete,Update,Import,Export
      ]]>
            </support_action>
        </attr>
        <attr>
            <id>nativeid</id>
            <name>终端编码</name>
            <i18n_key>ies.urm.RainMeterRemoteStation.attr.nativeid</i18n_key>
            <type>string</type>
            <is_search_condition>true</is_search_condition>
            <sort>2</sort>
            <support_action>
                <![CDATA[
	    Query,Get,Delete,Update,Import,Export
      ]]>
            </support_action>
        </attr>
        <attr>
            <id>category_code</id>
            <name>分类码</name>
            <i18n_key>ies.urm.RainMeterRemoteStation.attr.category_code</i18n_key>
            <type>string</type>
            <sort>15</sort>
            <support_action>
                <![CDATA[
	    Query,Get,Delete,Update,Import,Export
      ]]>
            </support_action>
        </attr>
        <attr>
            <id>worker_type</id>
            <name>工作方式</name>
            <i18n_key>ies.urm.RainMeterRemoteStation.attr.worker_type</i18n_key>
            <type>string</type>
            <sort>3</sort>
            <support_action>
                <![CDATA[
	    Query,Get,Delete,Update,Import,Export
      ]]>
            </support_action>
        </attr>
        <attr>
            <id>dispacher_address</id>
            <name>中继站服务地址</name>
            <i18n_key>ies.urm.RainMeterRemoteStation.attr.dispacher_address</i18n_key>
            <type>string</type>
            <sort>5</sort>
            <support_action>
                <![CDATA[
	    Query,Get,Delete,Update,Import,Export
      ]]>
            </support_action>
        </attr>
        <attr>
            <id>mode_nativeid</id>
            <name>通信设备识别号</name>
            <i18n_key>ies.urm.RainMeterRemoteStation.attr.mode_nativeid</i18n_key>
            <type>string</type>
            <sort>6</sort>
            <support_action>
                <![CDATA[
	    Query,Get,Delete,Update,Import,Export
      ]]>
            </support_action>
        </attr>
        <attr>
            <id>csite1_network_type</id>
            <name>中心站1主信道类别</name>
            <i18n_key>ies.urm.RainMeterRemoteStation.attr.csite1_network_type</i18n_key>
            <type>string</type>
            <sort>7</sort>
            <support_action>
                <![CDATA[
	    Query,Get,Delete,Update,Import,Export
      ]]>
            </support_action>
        </attr>
        <attr>
            <id>csite1_network_address</id>
            <name>中心站1主信道地址</name>
            <i18n_key>ies.urm.RainMeterRemoteStation.attr.csite1_network_address</i18n_key>
            <type>string</type>
            <sort>8</sort>
            <support_action>
                <![CDATA[
	    Query,Get,Delete,Update,Import,Export
      ]]>
            </support_action>
        </attr>
        <attr>
            <id>rt_p_interval</id>
            <name>定时报时间间隔</name>
            <i18n_key>ies.urm.RainMeterRemoteStation.attr.rt_p_interval</i18n_key>
            <type>string</type>
            <sort>17</sort>
            <support_action>
                <![CDATA[
	    Query,Get,Delete,Update,Import,Export
      ]]>
            </support_action>
        </attr>
        <attr>
            <id>rt_p_trigger</id>
            <name>加时报时间间隔</name>
            <i18n_key>ies.urm.RainMeterRemoteStation.attr.rt_p_trigger</i18n_key>
            <type>string</type>
            <sort>9</sort>
            <support_action>
                <![CDATA[
	    Query,Get,Delete,Update,Import,Export
      ]]>
            </support_action>
        </attr>
        <attr>
            <id>rt_p_collect</id>
            <name>采样间隔</name>
            <i18n_key>ies.urm.RainMeterRemoteStation.attr.rt_p_collect</i18n_key>
            <type>string</type>
            <sort>10</sort>
            <support_action>
                <![CDATA[
	    Query,Get,Delete,Update,Import,Export
      ]]>
            </support_action>
        </attr>
        <attr>
            <id>rt_p_sw_storage</id>
            <name>水位数据存储间隔</name>
            <i18n_key>ies.urm.RainMeterRemoteStation.attr.rt_p_sw_storage</i18n_key>
            <type>string</type>
            <sort>11</sort>
            <support_action>
                <![CDATA[
	    Query,Get,Delete,Update,Import,Export
      ]]>
            </support_action>
        </attr>
        <attr>
            <id>rt_p_rain_threahold</id>
            <name>雨量加报阈值</name>
            <i18n_key>ies.urm.RainMeterRemoteStation.attr.rt_p_rain_threahold</i18n_key>
            <type>string</type>
            <sort>12</sort>
            <support_action>
                <![CDATA[
	    Query,Get,Delete,Update,Import,Export
      ]]>
            </support_action>
        </attr>
        <attr>
            <id>rt_p_rain_px</id>
            <name>雨量计分辨力</name>
            <i18n_key>ies.urm.RainMeterRemoteStation.attr.rt_p_rain_px</i18n_key>
            <type>string</type>
            <sort>13</sort>
            <support_action>
                <![CDATA[
	    Query,Get,Delete,Update,Import,Export
      ]]>
            </support_action>
        </attr>
        <attr>
            <id>rt_p_watter_px</id>
            <name>水位计分辨力</name>
            <i18n_key>ies.urm.RainMeterRemoteStation.attr.rt_p_watter_px</i18n_key>
            <type>string</type>
            <sort>14</sort>
            <support_action>
                <![CDATA[
	    Query,Get,Delete,Update,Import,Export
      ]]>
            </support_action>
        </attr>
        <attr>
            <id>software</id>
            <name>软件版本</name>
            <i18n_key>ies.urm.RainMeterRemoteStation.attr.software</i18n_key>
            <type>string</type>
            <sort>4</sort>
            <support_action>
                <![CDATA[
	    Query,Get,Delete,Update,Import,Export
      ]]>
            </support_action>
        </attr>
        <attr>
            <id>ic_status</id>
            <name>IC卡状态</name>
            <i18n_key>ies.urm.RainMeterRemoteStation.attr.ic_status</i18n_key>
            <type>string</type>
            <is_search_condition>true</is_search_condition>
            <sort>16</sort>
            <support_action>
                <![CDATA[
	    Query,Get,Delete,Update,Import,Export
      ]]>
            </support_action>
        </attr>
        <attr>
            <id>voltage</id>
            <name>电池电压</name>
            <i18n_key>ies.urm.RainMeterRemoteStation.attr.voltage</i18n_key>
            <type>float</type>
            <group>Monitor</group>
            <unit>伏特</unit>
            <support_action>
                <![CDATA[
	    Query,Get,Delete,Update,Import,Export,Add
      ]]>
            </support_action>
        </attr>
        <attr>
            <id>current_rain_fall</id>
            <name>当前降雨量</name>
            <i18n_key>ies.urm.RainMeterRemoteStation.attr.current_rain_fall</i18n_key>
            <type>float</type>
            <group>Monitor</group>
            <unit>毫米</unit>
            <support_action>
                <![CDATA[
	    Query,Get,Delete,Update,Import,Export,Add
      ]]>
            </support_action>
        </attr>
        <attr>
            <id>day_rain_fall</id>
            <name>日降雨量</name>
            <i18n_key>ies.urm.RainMeterRemoteStation.attr.day_rain_fall</i18n_key>
            <type>float</type>
            <group>Monitor</group>
            <unit>毫米</unit>
            <support_action>
                <![CDATA[
	    Query,Get,Delete,Update,Import,Export,Add
      ]]>
            </support_action>
        </attr>
        <attr>
            <id>sum_rain_fall</id>
            <name>雨量累计值</name>
            <i18n_key>ies.urm.RainMeterRemoteStation.attr.sum_rain_fall</i18n_key>
            <type>float</type>
            <group>Monitor</group>
            <unit>毫米</unit>
            <support_action>
                <![CDATA[
	    Query,Get,Delete,Update,Import,Export,Add
      ]]>
            </support_action>
        </attr>
        <attr>
            <id>5_min_avg_rain_fall_in_hour</id>
            <name>5分钟阶段雨量平均值</name>
            <i18n_key>ies.urm.RainMeterRemoteStation.attr.5_min_avg_rain_fall_in_hour</i18n_key>
            <type>float</type>
            <group>Monitor</group>
            <unit>毫米</unit>
            <support_action>
                <![CDATA[
	    Query,Get,Delete,Update,Import,Export,Add
      ]]>
            </support_action>
        </attr>
        <attr>
            <id>1_min_rain_fall</id>
            <name>1分钟阶段雨量</name>
            <i18n_key>ies.urm.RainMeterRemoteStation.attr.1_min_rain_fall</i18n_key>
            <type>float</type>
            <group>Monitor</group>
            <unit>毫米</unit>
            <support_action>
                <![CDATA[
	    Query,Get,Delete,Update,Import,Export,Add
      ]]>
            </support_action>
        </attr>
        <attr>
            <id>5_min_rain_fall</id>
            <name>5分钟阶段雨量</name>
            <i18n_key>ies.urm.RainMeterRemoteStation.attr.5_min_rain_fall</i18n_key>
            <type>float</type>
            <group>Monitor</group>
            <unit>毫米</unit>
            <support_action>
                <![CDATA[
	    Query,Get,Delete,Update,Import,Export,Add
      ]]>
            </support_action>
        </attr>
        <attr>
            <id>10_min_rain_fall</id>
            <name>10分钟阶段雨量</name>
            <i18n_key>ies.urm.RainMeterRemoteStation.attr.10_min_rain_fall</i18n_key>
            <type>float</type>
            <group>Monitor</group>
            <unit>毫米</unit>
            <support_action>
                <![CDATA[
	    Query,Get,Delete,Update,Import,Export,Add
      ]]>
            </support_action>
        </attr>
        <attr>
            <id>30_min_rain_fall</id>
            <name>30分钟阶段雨量</name>
            <i18n_key>ies.urm.RainMeterRemoteStation.attr.30_min_rain_fall</i18n_key>
            <type>float</type>
            <group>Monitor</group>
            <unit>毫米</unit>
            <support_action>
                <![CDATA[
	    Query,Get,Delete,Update,Import,Export,Add
      ]]>
            </support_action>
        </attr>
        <attr>
            <id>rainstorm</id>
            <name>暴雨量</name>
            <i18n_key>ies.urm.RainMeterRemoteStation.attr.rainstorm</i18n_key>
            <type>float</type>
            <group>Monitor</group>
            <unit>毫米</unit>
            <support_action>
                <![CDATA[
	    Query,Get,Delete,Update,Import,Export,Add
      ]]>
            </support_action>
        </attr>
        <attr>
            <id>1_hour_rain_fall</id>
            <name>1小时阶段雨量</name>
            <i18n_key>ies.urm.RainMeterRemoteStation.attr.1_hour_rain_fall</i18n_key>
            <type>float</type>
            <group>Monitor</group>
            <unit>毫米</unit>
            <support_action>
                <![CDATA[
	    Query,Get,Delete,Update,Import,Export,Add
      ]]>
            </support_action>
        </attr>
        <attr>
            <id>2_hour_rain_fall</id>
            <name>2小时阶段雨量</name>
            <i18n_key>ies.urm.RainMeterRemoteStation.attr.2_hour_rain_fall</i18n_key>
            <type>float</type>
            <group>Monitor</group>
            <unit>毫米</unit>
            <support_action>
                <![CDATA[
	    Query,Get,Delete,Update,Import,Export,Add
      ]]>
            </support_action>
        </attr>
        <attr>
            <id>3_hour_rain_fall</id>
            <name>3小时阶段雨量</name>
            <i18n_key>ies.urm.RainMeterRemoteStation.attr.3_hour_rain_fall</i18n_key>
            <type>float</type>
            <group>Monitor</group>
            <unit>毫米</unit>
            <support_action>
                <![CDATA[
	    Query,Get,Delete,Update,Import,Export,Add
      ]]>
            </support_action>
        </attr>
        <attr>
            <id>6_hour_rain_fall</id>
            <name>6小时阶段雨量</name>
            <i18n_key>ies.urm.RainMeterRemoteStation.attr.6_hour_rain_fall</i18n_key>
            <type>float</type>
            <group>Monitor</group>
            <unit>毫米</unit>
            <support_action>
                <![CDATA[
	    Query,Get,Delete,Update,Import,Export,Add
      ]]>
            </support_action>
        </attr>
        <attr>
            <id>12_hour_rain_fall</id>
            <name>12小时阶段雨量</name>
            <i18n_key>ies.urm.RainMeterRemoteStation.attr.12_hour_rain_fall</i18n_key>
            <type>float</type>
            <group>Monitor</group>
            <unit>毫米</unit>
            <support_action>
                <![CDATA[
	    Query,Get,Delete,Update,Import,Export,Add
      ]]>
            </support_action>
        </attr>
        <attr>
            <id>lt</id>
            <name>更新时间</name>
            <i18n_key>ies.urm.RainMeterRemoteStation.attr.lt</i18n_key>
            <type>int</type>
            <sort>18</sort>
            <support_action>
                <![CDATA[
	    Query,Get
      ]]>
            </support_action>
        </attr>
    </attrs>
</ci>
