<?xml version="1.0" encoding="UTF-8"?>
<!--行业字典-->
<ci>
    <!--行业字典-->
    <id>Dict</id>
    <!--对象名称-->
    <name>行业字典</name>
    <!--国际化词条-->
    <i18n_key>ies.urm.Dict.metaCI</i18n_key>
    <!--描述-->
    <description>${ioc.urm.Dict.desc}</description>
    <!--对象类型【N(网络对象),D(设备对象),B(业务对象),M(管理对象)】-->
    <type>M</type>
    <!--指令集合-->
    <actions>
        <action>
            <!--添加-->
            <id>Add</id>
            <!--指令名称-->
            <name>添加</name>
            <!-- 国际化词条 -->
            <i18n_key>ies.urm.System.action.Add</i18n_key>
            <!--指令类型【System、Device】-->
            <type>System</type>
            <!--指令域【Static、Instance】-->
            <domain>Static</domain>
            <!--指令级别【Major、Normal】-->
            <severity>Normal</severity>
            <!--分组【MgrOper(管理操作)、UplinkDataDevice(设备数据上报)、UplinkDataNetwork(网络数据上报)、UplinkDataBusiness(业务数据上报)、UplinkEvent(事件上报)、DownlinkCommand(指令下发)、DownlinkCommandRsp(指令下发响应)】-->
            <group>MgrOper</group>
            <!--是否在页面显示-->
            <display>false</display>
        </action>
        <action>
            <!--删除-->
            <id>Delete</id>
            <!--指令名称-->
            <name>删除</name>
            <!-- 国际化词条 -->
            <i18n_key>ies.urm.System.action.Delete</i18n_key>
            <!--指令类型【System、Device】-->
            <type>System</type>
            <!--指令域【Static、Instance】-->
            <domain>Instance</domain>
            <!--指令级别【Major、Normal】-->
            <severity>Normal</severity>
            <!--分组【MgrOper(管理操作)、UplinkDataDevice(设备数据上报)、UplinkDataNetwork(网络数据上报)、UplinkDataBusiness(业务数据上报)、UplinkEvent(事件上报)、DownlinkCommand(指令下发)、DownlinkCommandRsp(指令下发响应)】-->
            <group>MgrOper</group>
            <!--是否在页面显示-->
            <display>true</display>
            <!--显示顺序-->
            <sort>3</sort>
        </action>
        <action>
            <!--查询-->
            <id>Query</id>
            <!--指令名称-->
            <name>查询</name>
            <!-- 国际化词条 -->
            <i18n_key>ies.urm.System.action.Query</i18n_key>
            <!--指令类型【System、Device】-->
            <type>System</type>
            <!--指令域【Static、Instance】-->
            <domain>Static</domain>
            <!--指令级别【Major、Normal】-->
            <severity>Normal</severity>
            <!--分组【MgrOper(管理操作)、UplinkDataDevice(设备数据上报)、UplinkDataNetwork(网络数据上报)、UplinkDataBusiness(业务数据上报)、UplinkEvent(事件上报)、DownlinkCommand(指令下发)、DownlinkCommandRsp(指令下发响应)】-->
            <group>MgrOper</group>
            <!--是否在页面显示-->
            <display>false</display>
        </action>
        <action>
            <!--修改-->
            <id>Update</id>
            <!--指令名称-->
            <name>修改</name>
            <!-- 国际化词条 -->
            <i18n_key>ies.urm.System.action.Update</i18n_key>
            <!--指令类型【System、Device】-->
            <type>System</type>
            <!--指令域【Static、Instance】-->
            <domain>Instance</domain>
            <!--指令级别【Major、Normal】-->
            <severity>Normal</severity>
            <!--分组【MgrOper(管理操作)、UplinkDataDevice(设备数据上报)、UplinkDataNetwork(网络数据上报)、UplinkDataBusiness(业务数据上报)、UplinkEvent(事件上报)、DownlinkCommand(指令下发)、DownlinkCommandRsp(指令下发响应)】-->
            <group>MgrOper</group>
            <!--是否在页面显示-->
            <display>true</display>
            <!--显示顺序-->
            <sort>5</sort>
        </action>
        <action>
            <!--指令ID-->
            <id>DownlinkDiscover</id>
            <!--指令名称-->
            <name>自动发现</name>
            <!-- 国际化词条 -->
            <i18n_key>ies.urm.System.action.DownlinkDiscover</i18n_key>
            <!--指令类型【System、Device】-->
            <type>System</type>
            <!--指令域【Static、Instance】-->
            <domain>Static</domain>
            <!--指令级别【Major、Normal】-->
            <severity>Normal</severity>
            <!--是否在页面显示-->
            <display>false</display>
        </action>
    </actions>
    <attrs>
        <attr>
            <id>id</id>
            <name>主键ID</name>
            <i18n_key>ies.urm.Dict.attr.id</i18n_key>
            <type>long</type>
            <is_primary>true</is_primary>
            <support_action>
                <![CDATA[
	    Add,Query,Update,Delete
      ]]>
            </support_action>
        </attr>
        <attr>
            <id>code</id>
            <name>行业编码</name>
            <i18n_key>ies.urm.Dict.attr.code</i18n_key>
            <type>string</type>
            <is_index>true</is_index>
            <support_action>
                <![CDATA[
	    Add,Query,Update,Delete
      ]]>
            </support_action>
        </attr>
        <attr>
            <id>name</id>
            <name>行业名称</name>
            <i18n_key>ies.urm.Dict.attr.name</i18n_key>
            <type>string</type>
            <support_action>
                <![CDATA[
	    Add,Query,Update,Delete
      ]]>
            </support_action>
        </attr>
        <attr>
            <id>type</id>
            <name>数据类型</name>
            <i18n_key>ies.urm.Dict.attr.type</i18n_key>
            <type>string</type>
            <support_action>
                <![CDATA[
	   Query,Update
      ]]>
            </support_action>
        </attr>
        <attr>
            <id>icon</id>
            <name>领域图标</name>
            <i18n_key>ies.urm.Domain.attr.icon</i18n_key>
            <type>text</type>
            <display>false</display>
            <support_action>
                <![CDATA[
	   Query,Update
      ]]>
            </support_action>
        </attr>
        <attr>
            <id>create_time</id>
            <name>创建时间</name>
            <i18n_key>ies.urm.Dict.attr.create_time</i18n_key>
            <type>int</type>
            <support_action>
                <![CDATA[
	    Query
      ]]>
            </support_action>
        </attr>
    </attrs>
</ci>
