<?xml version="1.0" encoding="UTF-8"?>
<!--湖泊水位计-->
<ci>
    <!--湖泊水位计-->
    <id>PoolWaterMeter</id>
    <!--对象名称-->
    <name>湖泊水位计</name>
    <!--国际化词条-->
    <i18n_key>ies.urm.PoolWaterMeter.metaCI</i18n_key>
    <!--描述-->
    <description>${ioc.urm.PoolWaterMeter.desc}</description>
    <type>D</type>
    <!--指令集合-->
    <actions>
        <action>
            <!--添加-->
            <id>Add</id>
            <!--指令名称-->
            <name>添加</name>
            <!-- 国际化词条 -->
            <i18n_key>ies.urm.System.action.Add</i18n_key>
            <!--指令类型【System、Device】-->
            <type>System</type>
            <!--指令域【Static、Instance】-->
            <domain>Static</domain>
            <!--指令级别【Major、Normal】-->
            <severity>Normal</severity>
            <!--分组【MgrOper(管理操作)、UplinkDataDevice(设备数据上报)、UplinkDataNetwork(网络数据上报)、UplinkDataBusiness(业务数据上报)、UplinkEvent(事件上报)、DownlinkCommand(指令下发)、DownlinkCommandRsp(指令下发响应)】-->
            <group>MgrOper</group>
            <!--是否在页面显示-->
            <display>true</display>
            <sort>1</sort>
        </action>
        <action>
            <!--删除-->
            <id>Delete</id>
            <!--指令名称-->
            <name>删除</name>
            <!-- 国际化词条 -->
            <i18n_key>ies.urm.System.action.Delete</i18n_key>
            <!--指令类型【System、Device】-->
            <type>System</type>
            <!--指令域【Static、Instance】-->
            <domain>Instance</domain>
            <!--指令级别【Major、Normal】-->
            <severity>Normal</severity>
            <!--分组【MgrOper(管理操作)、UplinkDataDevice(设备数据上报)、UplinkDataNetwork(网络数据上报)、UplinkDataBusiness(业务数据上报)、UplinkEvent(事件上报)、DownlinkCommand(指令下发)、DownlinkCommandRsp(指令下发响应)】-->
            <group>MgrOper</group>
            <!--是否在页面显示-->
            <display>true</display>
            <!--显示顺序-->
            <sort>2</sort>
        </action>
        <action>
            <!--查询-->
            <id>Query</id>
            <!--指令名称-->
            <name>查询</name>
            <!-- 国际化词条 -->
            <i18n_key>ies.urm.System.action.Query</i18n_key>
            <!--指令类型【System、Device】-->
            <type>System</type>
            <!--指令域【Static、Instance】-->
            <domain>Static</domain>
            <!--指令级别【Major、Normal】-->
            <severity>Normal</severity>
            <!--分组【MgrOper(管理操作)、UplinkDataDevice(设备数据上报)、UplinkDataNetwork(网络数据上报)、UplinkDataBusiness(业务数据上报)、UplinkEvent(事件上报)、DownlinkCommand(指令下发)、DownlinkCommandRsp(指令下发响应)】-->
            <group>MgrOper</group>
            <!--是否在页面显示-->
            <display>false</display>
            <sort>3</sort>
        </action>
        <action>
            <!--详情-->
            <id>Get</id>
            <!--指令名称-->
            <name>详情</name>
            <!-- 国际化词条 -->
            <i18n_key>ies.urm.System.action.Get</i18n_key>
            <!--指令类型【System、Device】-->
            <type>System</type>
            <!--指令域【Static、Instance】-->
            <domain>Instance</domain>
            <!--指令级别【Major、Normal】-->
            <severity>Normal</severity>
            <!--分组【MgrOper(管理操作)、UplinkDataDevice(设备数据上报)、UplinkDataNetwork(网络数据上报)、UplinkDataBusiness(业务数据上报)、UplinkEvent(事件上报)、DownlinkCommand(指令下发)、DownlinkCommandRsp(指令下发响应)】-->
            <group>MgrOper</group>
            <!--是否在页面显示-->
            <display>true</display>
            <!--显示顺序-->
            <sort>4</sort>
        </action>
        <action>
            <!--修改-->
            <id>Update</id>
            <!--指令名称-->
            <name>修改</name>
            <!-- 国际化词条 -->
            <i18n_key>ies.urm.System.action.Update</i18n_key>
            <!--指令类型【System、Device】-->
            <type>System</type>
            <!--指令域【Static、Instance】-->
            <domain>Instance</domain>
            <!--指令级别【Major、Normal】-->
            <severity>Normal</severity>
            <!--分组【MgrOper(管理操作)、UplinkDataDevice(设备数据上报)、UplinkDataNetwork(网络数据上报)、UplinkDataBusiness(业务数据上报)、UplinkEvent(事件上报)、DownlinkCommand(指令下发)、DownlinkCommandRsp(指令下发响应)】-->
            <group>MgrOper</group>
            <!--是否在页面显示-->
            <display>true</display>
            <!--显示顺序-->
            <sort>5</sort>
        </action>
        <action>
            <!--导入-->
            <id>Import</id>
            <!--指令名称-->
            <name>导入</name>
            <!-- 国际化词条 -->
            <i18n_key>ies.urm.System.action.Import</i18n_key>
            <!--指令类型【System、Device】-->
            <type>System</type>
            <!--指令域【Static、Instance】-->
            <domain>Static</domain>
            <!--指令级别【Major、Normal】-->
            <severity>Normal</severity>
            <!--分组【MgrOper(管理操作)、UplinkDataDevice(设备数据上报)、UplinkDataNetwork(网络数据上报)、UplinkDataBusiness(业务数据上报)、UplinkEvent(事件上报)、DownlinkCommand(指令下发)、DownlinkCommandRsp(指令下发响应)】-->
            <group>MgrOper</group>
            <!--是否在页面显示-->
            <display>true</display>
            <!--显示顺序-->
            <sort>6</sort>
        </action>
        <action>
            <!--导出-->
            <id>Export</id>
            <!--指令名称-->
            <name>导出</name>
            <!-- 国际化词条 -->
            <i18n_key>ies.urm.System.action.Export</i18n_key>
            <!--指令类型【System、Device】-->
            <type>System</type>
            <!--指令域【Static、Instance】-->
            <domain>Static</domain>
            <!--指令级别【Major、Normal】-->
            <severity>Normal</severity>
            <!--分组【MgrOper(管理操作)、UplinkDataDevice(设备数据上报)、UplinkDataNetwork(网络数据上报)、UplinkDataBusiness(业务数据上报)、UplinkEvent(事件上报)、DownlinkCommand(指令下发)、DownlinkCommandRsp(指令下发响应)】-->
            <group>MgrOper</group>
            <!--是否在页面显示-->
            <display>true</display>
            <!--显示顺序-->
            <sort>7</sort>
        </action>
        <action>
            <!--指令ID-->
            <id>DownlinkDiscover</id>
            <!--指令名称-->
            <name>自动发现</name>
            <!-- 国际化词条 -->
            <i18n_key>ies.urm.System.action.DownlinkDiscover</i18n_key>
            <!--指令类型【System、Device】-->
            <type>System</type>
            <!--指令域【Static、Instance】-->
            <domain>Static</domain>
            <!--指令级别【Major、Normal】-->
            <severity>Normal</severity>
            <!--分组【MgrOper(管理操作)、UplinkDataDevice(设备数据上报)、UplinkDataNetwork(网络数据上报)、UplinkDataBusiness(业务数据上报)、UplinkEvent(事件上报)、DownlinkCommand(指令下发)、DownlinkCommandRsp(指令下发响应)】-->
            <group>MgrOper</group>
            <!--是否在页面显示-->
            <display>false</display>
            <sort>8</sort>
        </action>
        <action>
            <!--数据上报-->
            <id>UplinkPoolWaterMeterData</id>
            <!--指令名称-->
            <name>水数据上报</name>
            <!-- 国际化词条 -->
            <i18n_key>ies.urm.Device.action.UplinkPoolWaterMeterData</i18n_key>
            <!--指令类型【System、Device】-->
            <type>Device</type>
            <!--指令域【Static、Instance】-->
            <domain>Instance</domain>
            <!--指令级别【Major、Normal】-->
            <severity>Normal</severity>
            <!--分组【MgrOper(管理操作)、UplinkDataDevice(设备数据上报)、UplinkDataNetwork(网络数据上报)、UplinkDataBusiness(业务数据上报)、UplinkEvent(事件上报)、DownlinkCommand(指令下发)、DownlinkCommandRsp(指令下发响应)】-->
            <group>UplinkDataDevice</group>
            <!--是否在页面显示-->
            <display>false</display>
            <!--显示顺序-->
            <sort>9</sort>
        </action>
        <action>
            <!--心跳数据上报-->
            <id>UplinkPoolWaterMeterHeartBeat</id>
            <!--指令名称-->
            <name>心跳数据上报</name>
            <!-- 国际化词条 -->
            <i18n_key>ies.urm.Device.action.UplinkPoolWaterMeterHeartBeat</i18n_key>
            <!--指令类型【System、Device】-->
            <type>Device</type>
            <!--指令域【Static、Instance】-->
            <domain>Instance</domain>
            <!--指令级别【Major、Normal】-->
            <severity>Normal</severity>
            <!--分组【MgrOper(管理操作)、UplinkDataDevice(设备数据上报)、UplinkDataNetwork(网络数据上报)、UplinkDataBusiness(业务数据上报)、UplinkEvent(事件上报)、DownlinkCommand(指令下发)、DownlinkCommandRsp(指令下发响应)】-->
            <group>UplinkDataBusiness</group>
            <!--是否在页面显示-->
            <display>false</display>
            <!--显示顺序-->
            <sort>10</sort>
        </action>
        <action>
            <!--远程重启-->
            <id>DownlinkRemoteReboot</id>
            <!--指令名称-->
            <name>远程重启</name>
            <!-- 国际化词条 -->
            <i18n_key>ies.urm.Device.action.DownlinkRemoteReboot</i18n_key>
            <!--指令类型【System、Device】-->
            <type>Device</type>
            <!--指令域【Static、Instance】-->
            <domain>Instance</domain>
            <!--指令级别【Major、Normal】-->
            <severity>Normal</severity>
            <!--分组【MgrOper(管理操作)、UplinkDataDevice(设备数据上报)、UplinkDataNetwork(网络数据上报)、UplinkDataBusiness(业务数据上报)、UplinkEvent(事件上报)、DownlinkCommand(指令下发)、DownlinkCommandRsp(指令下发响应)】-->
            <group>DownlinkCommand</group>
            <!--是否在页面显示-->
            <display>true</display>
            <!--显示顺序-->
            <sort>11</sort>
        </action>
        <action>
            <!--时间校准-->
            <id>DownlinkTimeCorrect</id>
            <!--指令名称-->
            <name>时间校准</name>
            <!-- 国际化词条 -->
            <i18n_key>ies.urm.Device.action.DownlinkTimeCorrect</i18n_key>
            <!--指令类型【System、Device】-->
            <type>Device</type>
            <!--指令域【Static、Instance】-->
            <domain>Instance</domain>
            <!--指令级别【Major、Normal】-->
            <severity>Normal</severity>
            <!--分组【MgrOper(管理操作)、UplinkDataDevice(设备数据上报)、UplinkDataNetwork(网络数据上报)、UplinkDataBusiness(业务数据上报)、UplinkEvent(事件上报)、DownlinkCommand(指令下发)、DownlinkCommandRsp(指令下发响应)】-->
            <group>DownlinkCommand</group>
            <!--是否在页面显示-->
            <display>true</display>
            <!--显示顺序-->
            <sort>12</sort>
        </action>
        <action>
            <!--告警消除-->
            <id>DownlinkAlarmClear</id>
            <!--指令名称-->
            <name>告警消除</name>
            <!-- 国际化词条 -->
            <i18n_key>ies.urm.Device.action.DownlinkAlarmClear</i18n_key>
            <!--指令类型【System、Device】-->
            <type>Device</type>
            <!--指令域【Static、Instance】-->
            <domain>Instance</domain>
            <!--指令级别【Major、Normal】-->
            <severity>Normal</severity>
            <!--分组【MgrOper(管理操作)、UplinkDataDevice(设备数据上报)、UplinkDataNetwork(网络数据上报)、UplinkDataBusiness(业务数据上报)、UplinkEvent(事件上报)、DownlinkCommand(指令下发)、DownlinkCommandRsp(指令下发响应)】-->
            <group>DownlinkCommand</group>
            <!--是否在页面显示-->
            <display>true</display>
            <!--显示顺序-->
            <sort>13</sort>
        </action>
    </actions>
    <attrs>
        <attr>
            <id>instanceid</id>
            <name>资源ID</name>
            <i18n_key>ies.urm.PoolWaterMeter.attr.instanceid</i18n_key>
            <type>string</type>
            <is_primary>true</is_primary>
            <is_search_condition>true</is_search_condition>
            <sort>1</sort>
            <support_action>
                <![CDATA[
	    Query,Get,Delete,Update,Import,Export
      ]]>
            </support_action>
        </attr>
        <attr>
            <id>nativeid</id>
            <name>终端编码</name>
            <i18n_key>ies.urm.PoolWaterMeter.attr.nativeid</i18n_key>
            <type>string</type>
            <is_search_condition>true</is_search_condition>
            <sort>2</sort>
            <support_action>
                <![CDATA[
	    Query,Get,Delete,Update,Import,Export
      ]]>
            </support_action>
        </attr>
        <attr>
            <id>worker_type</id>
            <name>工作方式</name>
            <i18n_key>ies.urm.PoolWaterMeter.attr.worker_type</i18n_key>
            <type>string</type>
            <sort>3</sort>
            <support_action>
                <![CDATA[
	    Query,Get,Delete,Update,Import,Export
      ]]>
            </support_action>
        </attr>
        <attr>
            <id>heart_beat_interval</id>
            <name>心跳时间间隔</name>
            <i18n_key>ies.urm.PoolWaterMeter.attr.heart_beat_interval</i18n_key>
            <type>int</type>
            <is_search_condition>true</is_search_condition>
            <sort>4</sort>
            <support_action>
                <![CDATA[
	    Query,Get,Delete,Update,Import,Export
      ]]>
            </support_action>
        </attr>
        <attr>
            <id>software_version</id>
            <name>软件版本</name>
            <i18n_key>ies.urm.PoolWaterMeter.attr.software_version</i18n_key>
            <type>string</type>
            <sort>5</sort>
            <support_action>
                <![CDATA[
	    Query,Get,Delete,Update,Import,Export
      ]]>
            </support_action>
        </attr>
        <attr>
            <id>sim_status</id>
            <name>sim卡状态</name>
            <i18n_key>ies.urm.PoolWaterMeter.attr.sim_status</i18n_key>
            <type>string</type>
            <sort>6</sort>
            <support_action>
                <![CDATA[
	    Query,Get,Delete,Update,Import,Export
      ]]>
            </support_action>
        </attr>
        <attr>
            <id>fault_data_desc</id>
            <name>故障数据描述</name>
            <i18n_key>ies.urm.PoolWaterMeter.attr.fault_data_desc</i18n_key>
            <type>text</type>
            <sort>8</sort>
            <support_action>
                <![CDATA[
	    Query,Get,Delete,Update,Import,Export,Add
      ]]>
            </support_action>
        </attr>
        <attr>
            <id>water_consumption</id>
            <name>水量</name>
            <i18n_key>ies.urm.PoolWaterMeter.attr.water_consumption</i18n_key>
            <type>float</type>
            <group>Monitor</group>
            <unit>立方米</unit>
            <support_action>
                <![CDATA[
	    Query,Get,Delete,Update,Import,Export,Add
      ]]>
            </support_action>
        </attr>
        <attr>
            <id>lt</id>
            <name>更新时间</name>
            <i18n_key>ies.urm.PoolWaterMeter.attr.lt</i18n_key>
            <type>int</type>
            <sort>7</sort>
            <support_action>
                <![CDATA[
	    Query,Get
      ]]>
            </support_action>
        </attr>
    </attrs>
</ci>
