{
    "tableHeader": [
        {
            "name": "日期",
            "id": "date"
        },
        {
            "name": "姓名",
            "id": "name"
        },
        {
            "name": "地址",
            "id": "address"
        }
    ],
    "tableData": [
        {
            "date": "2016-05-02",
            "id": "王小虎",
            "alarmCauseText": "上海市普陀区金沙江路 1517 弄"
        },
        {
            "date": "2016-05-02",
            "id": "王小虎",
            "address": "上海市普陀区金沙江路 1517 弄"
        },
        {
            "date": "2016-05-02",
            "id": "王小虎",
            "address": "上海市普陀区金沙江路 1517 弄"
        },
        {
            "date": "2016-05-02",
            "id": "王小虎",
            "address": "上海市普陀区金沙江路 1517 弄"
        },
        {
            "date": "2016-05-02",
            "id": "王小虎",
            "address": "上海市普陀区金沙江路 1517 弄"
        },
        {
            "date": "2016-05-02",
            "id": "王小虎",
            "address": "上海市普陀区金沙江路 1517 弄"
        },
        {
            "date": "2016-05-02",
            "id": "王小虎",
            "address": "上海市普陀区金沙江路 1517 弄"
        },
         {
           "date": "2016-05-02",
           "id": "王小虎",
           "address": "上海市普陀区金沙江路 1517 弄"
         }, {
           "date": "2016-05-02",
           "id": "王小虎",
           "address": "上海市普陀区金沙江路 1517 弄"
         }, {
           "date": "2016-05-02",
           "id": "王小虎",
           "address": "上海市普陀区金沙江路 1517 弄"
         },
          {
            "date": "2016-05-02",
            "id": "王小虎",
            "address": "上海市普陀区金沙江路 1517 弄"
          }, {
            "date": "2016-05-02",
            "id": "王小虎",
            "address": "上海市普陀区金沙江路 1517 弄"
          }, {
            "date": "2016-05-02",
            "id": "王小虎",
            "address": "上海市普陀区金沙江路 1517 弄"
          },
          {
            "date": "2016-05-02",
            "id": "王小虎",
            "address": "上海市普陀区金沙江路 1517 弄"
          }, {
            "date": "2016-05-02",
            "id": "王小虎",
            "address": "上海市普陀区金沙江路 1517 弄"
          }, {
            "date": "2016-05-02",
            "id": "王小虎",
            "address": "上海市普陀区金沙江路 1517 弄"
          }, {
            "date": "2016-05-02",
            "id": "王小虎",
            "address": "上海市普陀区金沙江路 1517 弄"
          }, {
            "date": "2016-05-02",
            "id": "王小虎",
            "address": "上海市普陀区金沙江路 1517 弄"
          }, {
            "date": "2016-05-02",
            "id": "王小虎",
            "address": "上海市普陀区金沙江路 1517 弄"
          },
          {
            "date": "2016-05-02",
            "id": "王小虎",
            "address": "上海市普陀区金沙江路 1517 弄"
          }, {
            "date": "2016-05-02",
            "id": "王小虎",
            "address": "上海市普陀区金沙江路 1517 弄"
          }, {
            "date": "2016-05-02",
            "id": "王小虎",
            "address": "上海市普陀区金沙江路 1517 弄"
          },
        {
            "date": "2016-05-02",
            "id": "王小虎",
            "address": "上海市普陀区金沙江路 1517 弄"
        }
    ],
    "footerHeader": [
      {
        "label": "基础信息",
        "id": "1"
      }, {
        "label": "下行操作事件",
        "id": "2"
      }, {
        "label": "上行操作事件",
        "id": "3"
      }, {
        "label": "拓扑",
        "id": "4"
      }, {
        "label": "告警",
        "id": "5"
      }, {
        "label": "监控",
        "id": "6"
      }, {
        "label": "位置信息",
        "id": "7"
      }
    ],
    "lineChartData": {
      "chartType": "line", 
      "chartTitle": "图表1",
     "data": {
        "legend": {
          "nameArr": ["图例1", "图例2", "图例3"],
          "keyArr": ["legend1", "legend2", "legend3"]
        },
        "xUnit": "x单位", 
        "yUnit": "y单位", 
        "xData": ["x轴坐标点1", "x轴坐标点2", "x轴坐标点3", "x轴坐标点4", "x轴坐标点5"],
        "yData": {
          "legend1": [20,40,100,56,800],
          "legend2": [60,566,200,311,100],
          "legend3": [52,32,560,89,566]
        }
      }
    },
    "gaugeChartData": {
      "chartType": "gauge",
      "chartTitle": "仪表盘",
      "data": [{
          "name": "仪表1",
          "value": "14",
          "unit": "km/h",
          "min": 0,
          "max": 220,
          "splitNumber": 11
        }
      ]
    },
    "titleSearch": [
      {
        "searchType": "input",
        "type": "text",
        "name": "编码",
        "searchCondition": true
        
      },
      {
        "searchType": "select",
        "type": "select",
        "name": "状态",
        "searchCondition": true,
        "option": [
          {
            "value": "1",
            "label": "赵信"
          },
          {
            "value": "2",
            "label": "盖伦"
          }
        ]
      },
      {
        "searchType": "rangeDate",
        "searchCondition": true,
        "type": "rangeDate",
        "name": "时间"
      }
    ]
}