<?xml version="1.0" encoding="UTF-8"?>
<ds>
    <!--产品类别  模组-->
    <system_type>OneNet</system_type>
    <!--租户-->
    <tenant>Default</tenant>
    <versions>
        <v>
            <!--设备型号-->
            <version>V100</version>
            <!--接入协议-->
            <protocol>HTTP</protocol>
            <!--连通性检测周期-->
            <health_interval>5</health_interval>
            <!--检测模板-->
            <health_templateId></health_templateId>
        </v>
    </versions>
</ds>