<?xml version="1.0" encoding="UTF-8"?>
<ds>
    <!--产品领域  智能井盖-->
    <name>道路交通</name>
    <domain>IoT-Road-Traffic</domain>
    <!--产品类别  模组-->
    <device_type>IntelligentWellCover</device_type>
    <device_type_name>智能井盖</device_type_name>
    <!--租户-->
    <tenant>Default</tenant>
    <!--产品厂商-->
    <vendor>Longhua</vendor>
    <!--产品厂商名称-->
    <vendor_name>龙华政务</vendor_name>
    <versions>
        <v>
            <!--设备型号-->
            <version>V100</version>
            <!--接入方式-->
            <access_type>DIRECT</access_type>
            <!--接入协议-->
            <protocol>JT808</protocol>
            <!--消息格式-->
            <payload_type>Binary</payload_type>
            <!--连通性检测周期-->
            <health_interval>6000</health_interval>
            <!--检测模板-->
            <health_templateId></health_templateId>
        </v>
    </versions>
</ds>