<?xml version="1.0" encoding="UTF-8"?>
<Product>
    <!--产品ID-->
    <ID>ies</ID>
    <!--产品名称-->
    <Name>物联网使能平台</Name>
    <!--产品描述-->
    <Desc>
        <![CDATA[
	物联感知设备的统一控制管理与智能分析。生态的推动者，连接的创新者，平台的搭建者。
    ]]>
    </Desc>
    <!--产品提供商-->
    <Vendor>Neoway</Vendor>
    <!--产品提供商名称-->
    <VendorName>深圳市有方科技</VendorName>
    <!--默认国际化语言-->
    <Language>zh_CN</Language>
    <!--内部应用or 外部应用-->
    <type>Inner</type>
</Product>