<?xml version="1.0" encoding="UTF-8"?>
<!--通知组-->
<ci>
    <!--通知组-->
    <id>NotifyGroup</id>
    <!--对象名称-->
    <name>通知组</name>
    <!--国际化词条-->
    <i18n_key>ies.manager.NotifyGroup.metaCI</i18n_key>
    <!--描述-->
    <description>${ioc.manager.NotifyGroup.desc}</description>
    <!--对象类型【R(资源表),B(业务表)】-->
    <type>B</type>
    <!--指令集合-->
    <actions>
        <action>
            <!--指令ID-->
            <id>Get</id>
            <!--指令名称-->
            <name>查询</name>
            <!--指令类型【System、Device】-->
            <type>System</type>
            <!--指令域【Static、Instance】-->
            <domain>Static</domain>
            <!--指令级别【Major、Normal】-->
            <severity>Normal</severity>
        </action>
        <action>
            <!--指令ID-->
            <id>Write</id>
            <!--指令名称-->
            <name>设置</name>
            <!--指令类型【System、Device】-->
            <type>System</type>
            <!--指令域【Static、Instance】-->
            <domain>Static</domain>
            <!--指令级别【Major、Normal】-->
            <severity>Normal</severity>
        </action>

    </actions>
    <attrs>
        <attr>
            <id>code</id>
            <name>通知组编码</name>
            <i18n_key>ies.manager.NotifyGroup.attr.code</i18n_key>
            <type>string</type>
            <is_primary>true</is_primary>
            <support_action>
                <![CDATA[
	    Get,Write
      ]]>
            </support_action>
        </attr>
        <attr>
            <id>name</id>
            <name>通知组名称</name>
            <i18n_key>ies.manager.NotifyGroup.attr.name</i18n_key>
            <type>string</type>
            <support_action>
                <![CDATA[
	    Get,Write
      ]]>
            </support_action>
        </attr>
        <attr>
            <id>desc</id>
            <name>通知组描述</name>
            <i18n_key>ies.manager.NotifyGroup.attr.desc</i18n_key>
            <type>string</type>
            <support_action>
                <![CDATA[
	    Get,Write
      ]]>
            </support_action>
        </attr>
        <attr>
            <id>type</id>
            <name>通知组类别</name>
            <i18n_key>ies.manager.NotifyGroup.attr.type</i18n_key>
            <type>string</type>
            <support_action>
                <![CDATA[
	    Get,Write
      ]]>
            </support_action>
        </attr>
        <attr>
            <id>lt</id>
            <name>更新时间</name>
            <i18n_key>ies.manager.NotifyGroup.attr.lt</i18n_key>
            <type>int</type>
            <support_action>
                <![CDATA[
	    Get,Write
      ]]>
            </support_action>

        </attr>
    </attrs>
</ci>