<?xml version="1.0" encoding="UTF-8"?>
<!--DashboardLayout信息-->
<ci>
    <!--Dashboard对象-->
    <id>DashboardLayout</id>
    <!--对象名称-->
    <name>dashboard自定义布局</name>
    <!--国际化词条-->
    <i18n_key>ies.manager.DashboardLayout.metaCI</i18n_key>
    <!--描述-->
    <description>${ioc.manager.DashboardLayout.desc}</description>
    <!--对象类型【R(资源表),B(业务表)】-->
    <type>B</type>
    <!--指令集合-->
    <actions>
        <action>
            <!--指令ID-->
            <id>Query</id>
            <!--指令名称-->
            <name>查询</name>
            <!--指令类型【System、Device】-->
            <type>System</type>
            <!--指令域【Static、Instance】-->
            <domain>Static</domain>
            <!--指令级别【Major、Normal】-->
            <severity>Normal</severity>
        </action>
    </actions>
    <attrs>
        <attr>
            <id>code</id>
            <name>编码</name>
            <i18n_key>ies.manager.DashboardLayout.attr.code</i18n_key>
            <type>long</type>
            <is_primary>true</is_primary>
            <support_action>
                <![CDATA[
	    Query
      ]]>
            </support_action>
        </attr>
        <attr>
            <id>interval</id>
            <name>名称</name>
            <i18n_key>ies.manager.DashboardLayout.attr.interval</i18n_key>
            <type>int</type>
            <support_action>
                <![CDATA[
	    Query
      ]]>
            </support_action>
        </attr>
        <attr>
            <id>layout</id>
            <name>描述</name>
            <i18n_key>ies.manager.DashboardLayout.attr.layout</i18n_key>
            <type>json</type>
            <support_action>
                <![CDATA[
	    Query
      ]]>
            </support_action>
        </attr>
        <attr>
            <id>lt</id>
            <name>更新时间</name>
            <i18n_key>ies.manager.DashboardLayout.attr.lt</i18n_key>
            <type>int</type>
            <support_action>
                <![CDATA[
	    Query
      ]]>
            </support_action>

        </attr>
    </attrs>
</ci>